link_id,source_entity,source_id,target_entity,target_id,link_type,confidence,supporting_evidence,risk_score
LNK-E0DEA8A7,ACTOR,ACT-A3B509D1,ACTOR,ACT-DUP-0003,ENTITY_MATCH,93.28,"Similar name (92%); Similar alias (81%); Same nationality (Indian); Same region (Tamil Nadu); Shared corridor (Visakhapatnam–Mombasa, Chennai Port–Mombasa)",83.95
LNK-0CBF57AB,INCIDENT,INC-AE29A212,INCIDENT,INC-C435FC84,TEMPORAL_OVERLAP,80.0,"Same route, 6-day temporal proximity, same species.",80.0
LNK-EE8AC46D,INCIDENT,INC-E5D4001B,INCIDENT,INC-4E49C454,TEMPORAL_OVERLAP,80.0,"Same route, 3-day temporal proximity, same species.",80.0
LNK-E7944C03,INCIDENT,INC-B23B2358,INCIDENT,INC-A251BBF1,TEMPORAL_OVERLAP,80.0,"Same route, 8-day temporal proximity, same species.",80.0
LNK-1DA42564,INCIDENT,INC-49772DB9,INCIDENT,INC-35C14236,TEMPORAL_OVERLAP,80.0,"Same route, 12-day temporal proximity, same species.",80.0
LNK-A9329DE3,INCIDENT,INC-F0F43572,INCIDENT,INC-78AFF1CC,TEMPORAL_OVERLAP,80.0,"Same route, 13-day temporal proximity, same species.",80.0
LNK-C31E6ECD,INCIDENT,INC-5B989C61,INCIDENT,INC-7EE564E7,TEMPORAL_OVERLAP,80.0,"Same route, 0-day temporal proximity, same species.",80.0
LNK-15768C80,INCIDENT,INC-8C43E7FC,INCIDENT,INC-93B3BAA0,TEMPORAL_OVERLAP,80.0,"Same route, 12-day temporal proximity, same species.",80.0
LNK-84B4B4D4,INCIDENT,INC-17D6DB38,INCIDENT,INC-C378F9D9,TEMPORAL_OVERLAP,80.0,"Same route, 5-day temporal proximity, same species.",80.0
LNK-CD753496,INCIDENT,INC-322254E2,INCIDENT,INC-4CF654A6,TEMPORAL_OVERLAP,80.0,"Same route, 13-day temporal proximity, same species.",80.0
LNK-A9B8232E,INCIDENT,INC-27AF02AC,INCIDENT,INC-5EF621B3,TEMPORAL_OVERLAP,80.0,"Same route, 3-day temporal proximity, same species.",80.0
LNK-E48481FE,INCIDENT,INC-5814A5A3,INCIDENT,INC-DA76F294,TEMPORAL_OVERLAP,80.0,"Same route, 7-day temporal proximity, same species.",80.0
LNK-A47046E9,INCIDENT,INC-8701EC71,INCIDENT,INC-403FDB4C,TEMPORAL_OVERLAP,80.0,"Same route, 1-day temporal proximity, same species.",80.0
LNK-F8F3E04C,INCIDENT,INC-A82CC362,INCIDENT,INC-92F2DDB3,TEMPORAL_OVERLAP,80.0,"Same route, 14-day temporal proximity, same species.",80.0
LNK-23BA27DF,INCIDENT,INC-92F2DDB3,INCIDENT,INC-1890EF7F,TEMPORAL_OVERLAP,80.0,"Same route, 3-day temporal proximity, same species.",80.0
LNK-AFAF7E77,INCIDENT,INC-0080E45A,INCIDENT,INC-70444A14,TEMPORAL_OVERLAP,80.0,"Same route, 12-day temporal proximity, same species.",80.0
LNK-A1ED52C1,INCIDENT,INC-1773DDC0,INCIDENT,INC-43C37A4A,TEMPORAL_OVERLAP,80.0,"Same route, 12-day temporal proximity, same species.",80.0
LNK-0095F15E,INCIDENT,INC-589AB78F,INCIDENT,INC-43C37A4A,TEMPORAL_OVERLAP,80.0,"Same route, 10-day temporal proximity, same species.",80.0
LNK-C41B34CF,INCIDENT,INC-A87B0AD0,INCIDENT,INC-30BA3CAE,TEMPORAL_OVERLAP,80.0,"Same route, 6-day temporal proximity, same species.",80.0
LNK-A200520D,INCIDENT,INC-1531B1ED,INCIDENT,INC-060C103D,TEMPORAL_OVERLAP,80.0,"Same route, 5-day temporal proximity, same species.",80.0
LNK-7781EB7A,INCIDENT,INC-CA1AE4F9,INCIDENT,INC-BF83886D,TEMPORAL_OVERLAP,80.0,"Same route, 1-day temporal proximity, same species.",80.0
LNK-3B4E3FF6,INCIDENT,INC-41438DE4,INCIDENT,INC-9DA78801,TEMPORAL_OVERLAP,80.0,"Same route, 9-day temporal proximity, same species.",80.0
LNK-B3178525,INCIDENT,INC-BC46527B,INCIDENT,INC-EF857B06,TEMPORAL_OVERLAP,80.0,"Same route, 1-day temporal proximity, same species.",80.0
LNK-A1D2503D,INCIDENT,INC-1773DDC0,INCIDENT,INC-589AB78F,TEMPORAL_OVERLAP,80.0,"Same route, 2-day temporal proximity, same species.",80.0
LNK-4CDA948C,ACTOR,ACT-DUP-0009,ACTOR,ACT-DUP-0010,ENTITY_MATCH,87.24,"Similar name (90%); Same nationality (Mozambican); Same region (Uganda); Shared corridor (Kochi Port–Maputo, Chennai Port–Mombasa)",78.52
LNK-B2A0B38E,ACTOR,ACT-DUP-0005,ACTOR,ACT-DUP-0006,ENTITY_MATCH,85.73,"Similar name (88%); Same nationality (Mozambican); Same region (Mozambique); Shared corridor (Kochi Port–Dar es Salaam, Mumbai Port–Durban)",77.16
LNK-105D0D6A,INCIDENT,INC-A90DF55B,INCIDENT,INC-C36D97AB,SHARED_ACTOR,78.0,Both incidents share lead actor ACT-F70E04EC.,75.0
LNK-3A51BFE4,INCIDENT,INC-5A9D0819,INCIDENT,INC-10F98BB7,SHARED_ACTOR,78.0,Both incidents share lead actor ACT-F73F1F34.,75.0
LNK-6E7E0CD2,INCIDENT,INC-6E3D7227,INCIDENT,INC-5190CCE5,SHARED_ACTOR,78.0,Both incidents share lead actor ACT-FD05814E.,75.0
LNK-D5D72AB2,INCIDENT,INC-E8CE8DB8,INCIDENT,INC-BC46527B,SHARED_ACTOR,78.0,Both incidents share lead actor ACT-DUP-0008.,75.0
LNK-3FBA883A,INCIDENT,INC-A90DF55B,INCIDENT,INC-4C48EFFC,SHARED_ACTOR,78.0,Both incidents share lead actor ACT-F70E04EC.,75.0
LNK-25D1DA7D,INCIDENT,INC-D6764190,INCIDENT,INC-822B9C23,SHARED_ACTOR,78.0,Both incidents share lead actor ACT-DUP-0009.,75.0
LNK-7204B7FB,INCIDENT,INC-01D7FC4F,INCIDENT,INC-43C37A4A,SHARED_ACTOR,78.0,Both incidents share lead actor ACT-EBD0B65D.,75.0
LNK-9B48BA4D,INCIDENT,INC-01D7FC4F,INCIDENT,INC-FD151C94,SHARED_ACTOR,78.0,Both incidents share lead actor ACT-EBD0B65D.,75.0
LNK-EE781061,INCIDENT,INC-01D7FC4F,INCIDENT,INC-0153BECF,SHARED_ACTOR,78.0,Both incidents share lead actor ACT-EBD0B65D.,75.0
LNK-B55FF724,INCIDENT,INC-A03A3F0C,INCIDENT,INC-6FDD3514,SHARED_ACTOR,78.0,Both incidents share lead actor ACT-F702EB53.,75.0
LNK-2F4BECDB,INCIDENT,INC-A03A3F0C,INCIDENT,INC-910E86C3,SHARED_ACTOR,78.0,Both incidents share lead actor ACT-F702EB53.,75.0
LNK-40B4A0FC,INCIDENT,INC-6FDD3514,INCIDENT,INC-910E86C3,SHARED_ACTOR,78.0,Both incidents share lead actor ACT-F702EB53.,75.0
LNK-54C60138,INCIDENT,INC-A23E05D2,INCIDENT,INC-9C8F005B,SHARED_ACTOR,78.0,Both incidents share lead actor ACT-F513E9F2.,75.0
LNK-D899D645,INCIDENT,INC-A90DF55B,INCIDENT,INC-5F1EE080,SHARED_ACTOR,78.0,Both incidents share lead actor ACT-F70E04EC.,75.0
LNK-C242AF7F,INCIDENT,INC-A90DF55B,INCIDENT,INC-ACD8DFCD,SHARED_ACTOR,78.0,Both incidents share lead actor ACT-F70E04EC.,75.0
LNK-E22247D9,INCIDENT,INC-4A35725C,INCIDENT,INC-28275C25,SHARED_ACTOR,78.0,Both incidents share lead actor ACT-130BC3BE.,75.0
LNK-73DCD6E1,INCIDENT,INC-B5390996,INCIDENT,INC-DC742503,SHARED_ACTOR,78.0,Both incidents share lead actor ACT-001930AF.,75.0
LNK-5AC4C398,INCIDENT,INC-C431ADBC,INCIDENT,INC-83C84C75,SHARED_ACTOR,78.0,Both incidents share lead actor ACT-EB994163.,75.0
LNK-517F6F05,INCIDENT,INC-FE7DD637,INCIDENT,INC-CA1AE4F9,SHARED_ACTOR,78.0,Both incidents share lead actor ACT-157A0D7D.,75.0
LNK-887CE7D8,INCIDENT,INC-01D7FC4F,INCIDENT,INC-1773DDC0,SHARED_ACTOR,78.0,Both incidents share lead actor ACT-EBD0B65D.,75.0
LNK-21D5653E,INCIDENT,INC-1B2B6136,INCIDENT,INC-08138381,SHARED_ACTOR,78.0,Both incidents share lead actor ACT-130BC3BE.,75.0
LNK-DEE03763,INCIDENT,INC-47ED0F0D,INCIDENT,INC-9FA1225A,SHARED_ACTOR,78.0,Both incidents share lead actor ACT-CFAB48FB.,75.0
LNK-543B486C,INCIDENT,INC-32161C4F,INCIDENT,INC-6391E51B,SHARED_ACTOR,78.0,Both incidents share lead actor ACT-DUP-0005.,75.0
LNK-08A00DB7,INCIDENT,INC-32161C4F,INCIDENT,INC-6643099B,SHARED_ACTOR,78.0,Both incidents share lead actor ACT-DUP-0005.,75.0
LNK-4376B221,INCIDENT,INC-3ED8334F,INCIDENT,INC-A5B18D16,SHARED_ACTOR,78.0,Both incidents share lead actor ACT-DUP-0006.,75.0
LNK-38426E18,INCIDENT,INC-3ED8334F,INCIDENT,INC-EF577071,SHARED_ACTOR,78.0,Both incidents share lead actor ACT-DUP-0006.,75.0
LNK-2EF46C46,INCIDENT,INC-3ED8334F,INCIDENT,INC-403FDB4C,SHARED_ACTOR,78.0,Both incidents share lead actor ACT-DUP-0006.,75.0
LNK-67D38250,INCIDENT,INC-3ED8334F,INCIDENT,INC-F97EDDD5,SHARED_ACTOR,78.0,Both incidents share lead actor ACT-DUP-0006.,75.0
LNK-B544207B,INCIDENT,INC-1D3F2B36,INCIDENT,INC-BD8D0EED,SHARED_ACTOR,78.0,Both incidents share lead actor ACT-DUP-0007.,75.0
LNK-E082EFD8,INCIDENT,INC-1D3F2B36,INCIDENT,INC-DC1DE291,SHARED_ACTOR,78.0,Both incidents share lead actor ACT-DUP-0007.,75.0
LNK-1CEE3D81,INCIDENT,INC-1D3F2B36,INCIDENT,INC-30714B3F,SHARED_ACTOR,78.0,Both incidents share lead actor ACT-DUP-0007.,75.0
LNK-C75745E7,INCIDENT,INC-1D3F2B36,INCIDENT,INC-40171DBA,SHARED_ACTOR,78.0,Both incidents share lead actor ACT-DUP-0007.,75.0
LNK-9CAE054B,INCIDENT,INC-E8CE8DB8,INCIDENT,INC-063C1F2C,SHARED_ACTOR,78.0,Both incidents share lead actor ACT-DUP-0008.,75.0
LNK-4B1C0172,INCIDENT,INC-E8CE8DB8,INCIDENT,INC-FF21C80A,SHARED_ACTOR,78.0,Both incidents share lead actor ACT-DUP-0008.,75.0
LNK-52CEBD99,INCIDENT,INC-E8CE8DB8,INCIDENT,INC-84D99EB6,SHARED_ACTOR,78.0,Both incidents share lead actor ACT-DUP-0008.,75.0
LNK-E0ED0DB9,INCIDENT,INC-0EC4B271,INCIDENT,INC-0AA68A2E,SHARED_ACTOR,78.0,Both incidents share lead actor ACT-DD3ED62E.,75.0
LNK-92486587,INCIDENT,INC-6D25D6CE,INCIDENT,INC-3911A5DD,SHARED_ACTOR,78.0,Both incidents share lead actor ACT-DUP-0001.,75.0
LNK-675F6421,INCIDENT,INC-6D25D6CE,INCIDENT,INC-C34BD297,SHARED_ACTOR,78.0,Both incidents share lead actor ACT-DUP-0001.,75.0
LNK-721368E2,INCIDENT,INC-6D25D6CE,INCIDENT,INC-8946B5F9,SHARED_ACTOR,78.0,Both incidents share lead actor ACT-DUP-0001.,75.0
LNK-BB9C6BA2,INCIDENT,INC-6D25D6CE,INCIDENT,INC-DABFAEBC,SHARED_ACTOR,78.0,Both incidents share lead actor ACT-DUP-0001.,75.0
LNK-B7195196,INCIDENT,INC-CFDECC5B,INCIDENT,INC-5B989C61,SHARED_ACTOR,78.0,Both incidents share lead actor ACT-DUP-0002.,75.0
LNK-91A16414,INCIDENT,INC-CFDECC5B,INCIDENT,INC-D7D8E05F,SHARED_ACTOR,78.0,Both incidents share lead actor ACT-DUP-0002.,75.0
LNK-A6591A55,INCIDENT,INC-CFDECC5B,INCIDENT,INC-94B20477,SHARED_ACTOR,78.0,Both incidents share lead actor ACT-DUP-0002.,75.0
LNK-07C353A0,INCIDENT,INC-CFDECC5B,INCIDENT,INC-A8E89DAC,SHARED_ACTOR,78.0,Both incidents share lead actor ACT-DUP-0002.,75.0
LNK-5343BBB9,INCIDENT,INC-D7628F86,INCIDENT,INC-FE66FC1A,SHARED_ACTOR,78.0,Both incidents share lead actor ACT-DUP-0003.,75.0
LNK-B64C9C4C,INCIDENT,INC-D7628F86,INCIDENT,INC-17AA367E,SHARED_ACTOR,78.0,Both incidents share lead actor ACT-DUP-0003.,75.0
LNK-CCB4F3AF,INCIDENT,INC-D7628F86,INCIDENT,INC-1B0E87B2,SHARED_ACTOR,78.0,Both incidents share lead actor ACT-DUP-0003.,75.0
LNK-E703F44F,INCIDENT,INC-FE66FC1A,INCIDENT,INC-17AA367E,SHARED_ACTOR,78.0,Both incidents share lead actor ACT-DUP-0003.,75.0
LNK-BA103A65,INCIDENT,INC-2E6A776F,INCIDENT,INC-10F165CA,SHARED_ACTOR,78.0,Both incidents share lead actor ACT-DUP-0004.,75.0
LNK-DA81571A,INCIDENT,INC-2E6A776F,INCIDENT,INC-60F32002,SHARED_ACTOR,78.0,Both incidents share lead actor ACT-DUP-0004.,75.0
LNK-D6E01391,INCIDENT,INC-2E6A776F,INCIDENT,INC-E52BE33F,SHARED_ACTOR,78.0,Both incidents share lead actor ACT-DUP-0004.,75.0
LNK-90DEB13B,INCIDENT,INC-5E8DF0E8,INCIDENT,INC-47ED0F0D,SHARED_ACTOR,78.0,Both incidents share lead actor ACT-CFAB48FB.,75.0
LNK-7B2B57E9,INCIDENT,INC-5E8DF0E8,INCIDENT,INC-9FA1225A,SHARED_ACTOR,78.0,Both incidents share lead actor ACT-CFAB48FB.,75.0
LNK-DCCAE8DC,INCIDENT,INC-5BEA51F2,INCIDENT,INC-0D75271F,SHARED_ACTOR,78.0,Both incidents share lead actor ACT-ADF3339E.,75.0
LNK-9CD12D85,INCIDENT,INC-D394A13C,INCIDENT,INC-3C7F2D1E,SHARED_ACTOR,78.0,Both incidents share lead actor ACT-D404B1E6.,75.0
LNK-76EAA82D,INCIDENT,INC-D394A13C,INCIDENT,INC-CD369185,SHARED_ACTOR,78.0,Both incidents share lead actor ACT-D404B1E6.,75.0
LNK-EF952886,INCIDENT,INC-D394A13C,INCIDENT,INC-CD4B4FDB,SHARED_ACTOR,78.0,Both incidents share lead actor ACT-D404B1E6.,75.0
LNK-ECECFD40,INCIDENT,INC-D394A13C,INCIDENT,INC-9D2BA2B7,SHARED_ACTOR,78.0,Both incidents share lead actor ACT-D404B1E6.,75.0
LNK-D1C26C3F,INCIDENT,INC-13B7BC4E,INCIDENT,INC-5A1F8BFD,SHARED_ACTOR,78.0,Both incidents share lead actor ACT-D4295B58.,75.0
LNK-33D4DD9D,INCIDENT,INC-42FE4868,INCIDENT,INC-15FBD001,SHARED_ACTOR,78.0,Both incidents share lead actor ACT-DB3AAE2B.,75.0
LNK-B81DE4AC,INCIDENT,INC-1F9B79FA,INCIDENT,INC-F7233FDE,SHARED_ACTOR,78.0,Both incidents share lead actor ACT-DC4BFFE4.,75.0
LNK-D9BAAB50,INCIDENT,INC-1F9B79FA,INCIDENT,INC-2005D018,SHARED_ACTOR,78.0,Both incidents share lead actor ACT-DC4BFFE4.,75.0
LNK-4933C27A,INCIDENT,INC-1F9B79FA,INCIDENT,INC-48AB8F6C,SHARED_ACTOR,78.0,Both incidents share lead actor ACT-DC4BFFE4.,75.0
LNK-3D617155,INCIDENT,INC-1F9B79FA,INCIDENT,INC-613CD097,SHARED_ACTOR,78.0,Both incidents share lead actor ACT-DC4BFFE4.,75.0
LNK-675E817D,INCIDENT,INC-0EC4B271,INCIDENT,INC-2E288468,SHARED_ACTOR,78.0,Both incidents share lead actor ACT-DD3ED62E.,75.0
LNK-5D3D41F5,INCIDENT,INC-0EC4B271,INCIDENT,INC-90E24B50,SHARED_ACTOR,78.0,Both incidents share lead actor ACT-DD3ED62E.,75.0
LNK-E97A249D,INCIDENT,INC-0EC4B271,INCIDENT,INC-0080E45A,SHARED_ACTOR,78.0,Both incidents share lead actor ACT-DD3ED62E.,75.0
LNK-013B3E89,INCIDENT,INC-FD6591F7,INCIDENT,INC-97AFBC25,SHARED_ACTOR,78.0,Both incidents share lead actor ACT-ADB13586.,75.0
LNK-DBC55B23,INCIDENT,INC-D6764190,INCIDENT,INC-9A927874,SHARED_ACTOR,78.0,Both incidents share lead actor ACT-DUP-0009.,75.0
LNK-2937AE9B,INCIDENT,INC-9F6FAE88,INCIDENT,INC-4CC681DB,SHARED_ACTOR,78.0,Both incidents share lead actor ACT-E039AAEB.,75.0
LNK-B460D338,INCIDENT,INC-D6764190,INCIDENT,INC-4A1D04B0,SHARED_ACTOR,78.0,Both incidents share lead actor ACT-DUP-0009.,75.0
LNK-39BA934E,INCIDENT,INC-9A927874,INCIDENT,INC-822B9C23,SHARED_ACTOR,78.0,Both incidents share lead actor ACT-DUP-0009.,75.0
LNK-FA3BE851,INCIDENT,INC-3B76D32D,INCIDENT,INC-BE5B30E7,SHARED_ACTOR,78.0,Both incidents share lead actor ACT-DUP-0010.,75.0
LNK-92CA8172,INCIDENT,INC-3B76D32D,INCIDENT,INC-CDA89BFA,SHARED_ACTOR,78.0,Both incidents share lead actor ACT-DUP-0010.,75.0
LNK-5C8B6E84,INCIDENT,INC-3B76D32D,INCIDENT,INC-877EF9A7,SHARED_ACTOR,78.0,Both incidents share lead actor ACT-DUP-0010.,75.0
LNK-0AAFD35A,INCIDENT,INC-3B76D32D,INCIDENT,INC-8FA93DB2,SHARED_ACTOR,78.0,Both incidents share lead actor ACT-DUP-0010.,75.0
LNK-6B4619D8,INCIDENT,INC-9F6FAE88,INCIDENT,INC-2CE068AA,SHARED_ACTOR,78.0,Both incidents share lead actor ACT-E039AAEB.,75.0
LNK-DA8490D8,INCIDENT,INC-CFB16B32,INCIDENT,INC-72CC895D,SHARED_ACTOR,78.0,Both incidents share lead actor ACT-EA441661.,75.0
LNK-099C7D96,INCIDENT,INC-9F6FAE88,INCIDENT,INC-2199F6B6,SHARED_ACTOR,78.0,Both incidents share lead actor ACT-E039AAEB.,75.0
LNK-EB8B889A,INCIDENT,INC-2CE068AA,INCIDENT,INC-4CC681DB,SHARED_ACTOR,78.0,Both incidents share lead actor ACT-E039AAEB.,75.0
LNK-1510D24F,INCIDENT,INC-CFB16B32,INCIDENT,INC-D079FCB9,SHARED_ACTOR,78.0,Both incidents share lead actor ACT-EA441661.,75.0
LNK-B560C2A9,INCIDENT,INC-2E6A776F,INCIDENT,INC-0EBE2272,SHARED_ACTOR,78.0,Both incidents share lead actor ACT-DUP-0004.,75.0
LNK-AA33C57C,INCIDENT,INC-D079FCB9,INCIDENT,INC-72CC895D,SHARED_ACTOR,78.0,Both incidents share lead actor ACT-EA441661.,75.0
LNK-D32F4FC0,INCIDENT,INC-32161C4F,INCIDENT,INC-17D6DB38,SHARED_ACTOR,78.0,Both incidents share lead actor ACT-DUP-0005.,75.0
LNK-A58FB4CF,INCIDENT,INC-32161C4F,INCIDENT,INC-8701EC71,SHARED_ACTOR,78.0,Both incidents share lead actor ACT-DUP-0005.,75.0
LNK-70D258D9,INCIDENT,INC-146BDA30,INCIDENT,INC-FB88CEDA,SHARED_ACTOR,78.0,Both incidents share lead actor ACT-45C722DA.,75.0
LNK-18FF5601,INCIDENT,INC-CC3301EE,INCIDENT,INC-4C54C68E,SHARED_ACTOR,78.0,Both incidents share lead actor ACT-A19B3B13.,75.0
LNK-9C09449E,INCIDENT,INC-7FD2287E,INCIDENT,INC-9FEDC9C2,SHARED_ACTOR,78.0,Both incidents share lead actor ACT-CA6408EB.,75.0
LNK-D3D4A287,INCIDENT,INC-CC3301EE,INCIDENT,INC-6E06FEF9,SHARED_ACTOR,78.0,Both incidents share lead actor ACT-A19B3B13.,75.0
LNK-5BEF91EB,INCIDENT,INC-4E39810E,INCIDENT,INC-7FD2287E,SHARED_ACTOR,78.0,Both incidents share lead actor ACT-CA6408EB.,75.0
LNK-888B4AA3,INCIDENT,INC-D24AB0E3,INCIDENT,INC-55173AC1,SHARED_ACTOR,78.0,Both incidents share lead actor ACT-C48421F9.,75.0
LNK-286A4231,INCIDENT,INC-3B7B78A7,INCIDENT,INC-CDEF77A9,SHARED_ACTOR,78.0,Both incidents share lead actor ACT-C1CE62FB.,75.0
LNK-1B10FB5C,INCIDENT,INC-4E39810E,INCIDENT,INC-9FEDC9C2,SHARED_ACTOR,78.0,Both incidents share lead actor ACT-CA6408EB.,75.0
LNK-9C016F39,INCIDENT,INC-E93DC79B,INCIDENT,INC-E2775A7D,SHARED_ACTOR,78.0,Both incidents share lead actor ACT-BF767554.,75.0
LNK-148824EC,INCIDENT,INC-E93DC79B,INCIDENT,INC-C378F9D9,SHARED_ACTOR,78.0,Both incidents share lead actor ACT-BF767554.,75.0
LNK-62981CD1,INCIDENT,INC-A1D80761,INCIDENT,INC-8D8D900A,SHARED_ACTOR,78.0,Both incidents share lead actor ACT-B49444A6.,75.0
LNK-0C31B54D,INCIDENT,INC-F9FFB5E7,INCIDENT,INC-8D8D900A,SHARED_ACTOR,78.0,Both incidents share lead actor ACT-B49444A6.,75.0
LNK-6622A254,INCIDENT,INC-F9FFB5E7,INCIDENT,INC-A1D80761,SHARED_ACTOR,78.0,Both incidents share lead actor ACT-B49444A6.,75.0
LNK-A8D3D164,INCIDENT,INC-C678EEF3,INCIDENT,INC-0B663344,SHARED_ACTOR,78.0,Both incidents share lead actor ACT-B1A0AF66.,75.0
LNK-7EAFB688,INCIDENT,INC-2992C5A5,INCIDENT,INC-0D75271F,SHARED_ACTOR,78.0,Both incidents share lead actor ACT-ADF3339E.,75.0
LNK-DAC6ADC3,INCIDENT,INC-C378F9D9,INCIDENT,INC-E2775A7D,SHARED_ACTOR,78.0,Both incidents share lead actor ACT-BF767554.,75.0
LNK-3BDAC5FE,INCIDENT,INC-5BEA51F2,INCIDENT,INC-2992C5A5,SHARED_ACTOR,78.0,Both incidents share lead actor ACT-ADF3339E.,75.0
LNK-BDBA70BB,INCIDENT,INC-CC3301EE,INCIDENT,INC-37FAC3CA,SHARED_ACTOR,78.0,Both incidents share lead actor ACT-A19B3B13.,75.0
LNK-C4E1C854,INCIDENT,INC-A87B0AD0,INCIDENT,INC-D3B016C3,SHARED_ACTOR,78.0,Both incidents share lead actor ACT-A3B509D1.,75.0
LNK-62E86126,INCIDENT,INC-CC3301EE,INCIDENT,INC-1531B1ED,SHARED_ACTOR,78.0,Both incidents share lead actor ACT-A19B3B13.,75.0
LNK-BF2A33FD,INCIDENT,INC-A87B0AD0,INCIDENT,INC-0BBF9870,SHARED_ACTOR,78.0,Both incidents share lead actor ACT-A3B509D1.,75.0
LNK-81B4F038,INCIDENT,INC-A87B0AD0,INCIDENT,INC-35C14236,SHARED_ACTOR,78.0,Both incidents share lead actor ACT-A3B509D1.,75.0
LNK-F0B4FD1F,INCIDENT,INC-728F0959,INCIDENT,INC-D6C72864,SHARED_ACTOR,78.0,Both incidents share lead actor ACT-A647D8DE.,75.0
LNK-6EE93CD1,INCIDENT,INC-A87B0AD0,INCIDENT,INC-15094649,SHARED_ACTOR,78.0,Both incidents share lead actor ACT-A3B509D1.,75.0
LNK-4C617D33,INCIDENT,INC-EA003C6C,INCIDENT,INC-18B3A5B0,SHARED_ACTOR,78.0,Both incidents share lead actor ACT-A7290540.,75.0
LNK-8B556BBC,INCIDENT,INC-EA003C6C,INCIDENT,INC-62F9706C,SHARED_ACTOR,78.0,Both incidents share lead actor ACT-A7290540.,75.0
LNK-6EE0FD67,INCIDENT,INC-EA003C6C,INCIDENT,INC-41438DE4,SHARED_ACTOR,78.0,Both incidents share lead actor ACT-A7290540.,75.0
LNK-B17688D3,INCIDENT,INC-9E289A1E,INCIDENT,INC-B8872C0C,SHARED_ACTOR,78.0,Both incidents share lead actor ACT-A9F1176D.,75.0
LNK-D56EA970,INCIDENT,INC-6DD32668,INCIDENT,INC-FD6591F7,SHARED_ACTOR,78.0,Both incidents share lead actor ACT-ADB13586.,75.0
LNK-50FC1C34,INCIDENT,INC-6DD32668,INCIDENT,INC-97AFBC25,SHARED_ACTOR,78.0,Both incidents share lead actor ACT-ADB13586.,75.0
LNK-0DB627A8,INCIDENT,INC-BF08DBB6,INCIDENT,INC-E1E1AE41,SHARED_ACTOR,78.0,Both incidents share lead actor ACT-802FEC44.,75.0
LNK-F88CF409,INCIDENT,INC-EA003C6C,INCIDENT,INC-B7B4001A,SHARED_ACTOR,78.0,Both incidents share lead actor ACT-A7290540.,75.0
LNK-B534A7C2,INCIDENT,INC-F3B15553,INCIDENT,INC-B23B2358,SHARED_ACTOR,78.0,Both incidents share lead actor ACT-6F081E40.,75.0
LNK-25660A24,INCIDENT,INC-F3B15553,INCIDENT,INC-EE63DD43,SHARED_ACTOR,78.0,Both incidents share lead actor ACT-6F081E40.,75.0
LNK-C12ED256,INCIDENT,INC-8A267DEE,INCIDENT,INC-B7149057,SHARED_ACTOR,78.0,Both incidents share lead actor ACT-72D14581.,75.0
LNK-E53CE0D5,INCIDENT,INC-8A267DEE,INCIDENT,INC-B49586C7,SHARED_ACTOR,78.0,Both incidents share lead actor ACT-72D14581.,75.0
LNK-07861CDF,INCIDENT,INC-8A267DEE,INCIDENT,INC-9C20A615,SHARED_ACTOR,78.0,Both incidents share lead actor ACT-72D14581.,75.0
LNK-348DC5E3,INCIDENT,INC-B7149057,INCIDENT,INC-B49586C7,SHARED_ACTOR,78.0,Both incidents share lead actor ACT-72D14581.,75.0
LNK-9845ABEA,INCIDENT,INC-7A314C1F,INCIDENT,INC-C23A7161,SHARED_ACTOR,78.0,Both incidents share lead actor ACT-7353F8D0.,75.0
LNK-26A8EEC6,INCIDENT,INC-7A314C1F,INCIDENT,INC-3A7D94EE,SHARED_ACTOR,78.0,Both incidents share lead actor ACT-7353F8D0.,75.0
LNK-659896AF,INCIDENT,INC-7A314C1F,INCIDENT,INC-322254E2,SHARED_ACTOR,78.0,Both incidents share lead actor ACT-7353F8D0.,75.0
LNK-7D3B6CD3,INCIDENT,INC-C23A7161,INCIDENT,INC-3A7D94EE,SHARED_ACTOR,78.0,Both incidents share lead actor ACT-7353F8D0.,75.0
LNK-33D5241B,INCIDENT,INC-519C9B4B,INCIDENT,INC-78F43FAB,SHARED_ACTOR,78.0,Both incidents share lead actor ACT-7494AE24.,75.0
LNK-87E2FFCD,INCIDENT,INC-519C9B4B,INCIDENT,INC-D4E686B3,SHARED_ACTOR,78.0,Both incidents share lead actor ACT-7494AE24.,75.0
LNK-D50A14EE,INCIDENT,INC-519C9B4B,INCIDENT,INC-12FED95A,SHARED_ACTOR,78.0,Both incidents share lead actor ACT-7494AE24.,75.0
LNK-7510F4BB,INCIDENT,INC-519C9B4B,INCIDENT,INC-49772DB9,SHARED_ACTOR,78.0,Both incidents share lead actor ACT-7494AE24.,75.0
LNK-B95D093C,INCIDENT,INC-30BA3CAE,INCIDENT,INC-1798C080,SHARED_ACTOR,78.0,Both incidents share lead actor ACT-5535B8FF.,75.0
LNK-3F393D84,INCIDENT,INC-60CEEFAB,INCIDENT,INC-A5C21485,SHARED_ACTOR,78.0,Both incidents share lead actor ACT-866A9666.,75.0
LNK-0804E8CC,INCIDENT,INC-1632354A,INCIDENT,INC-9F36A672,SHARED_ACTOR,78.0,Both incidents share lead actor ACT-898A30A1.,75.0
LNK-47CDDDAD,INCIDENT,INC-D8942366,INCIDENT,INC-255C0F50,SHARED_ACTOR,78.0,Both incidents share lead actor ACT-8AF11CFA.,75.0
LNK-D07623F5,INCIDENT,INC-F8517BB9,INCIDENT,INC-14EBC331,SHARED_ACTOR,78.0,Both incidents share lead actor ACT-8D60BEB9.,75.0
LNK-74756343,INCIDENT,INC-F16B3BA6,INCIDENT,INC-37F58A26,SHARED_ACTOR,78.0,Both incidents share lead actor ACT-9150A102.,75.0
LNK-9B8783F5,INCIDENT,INC-F16B3BA6,INCIDENT,INC-BF83886D,SHARED_ACTOR,78.0,Both incidents share lead actor ACT-9150A102.,75.0
LNK-BD52B8C7,INCIDENT,INC-F16B3BA6,INCIDENT,INC-5814A5A3,SHARED_ACTOR,78.0,Both incidents share lead actor ACT-9150A102.,75.0
LNK-C71B2FFE,INCIDENT,INC-F16B3BA6,INCIDENT,INC-AE29A212,SHARED_ACTOR,78.0,Both incidents share lead actor ACT-9150A102.,75.0
LNK-A33AAF22,INCIDENT,INC-E2003313,INCIDENT,INC-C080047C,SHARED_ACTOR,78.0,Both incidents share lead actor ACT-93684B5D.,75.0
LNK-0C96D9BC,INCIDENT,INC-66FE58C2,INCIDENT,INC-0AD78984,SHARED_ACTOR,78.0,Both incidents share lead actor ACT-95A4317F.,75.0
LNK-F4F0D47B,INCIDENT,INC-C1488574,INCIDENT,INC-512A9B14,SHARED_ACTOR,78.0,Both incidents share lead actor ACT-99F0286C.,75.0
LNK-433DC54F,INCIDENT,INC-33BF5D05,INCIDENT,INC-822AF71E,SHARED_ACTOR,78.0,Both incidents share lead actor ACT-9DC49715.,75.0
LNK-D4C22767,INCIDENT,INC-023A4B6B,INCIDENT,INC-01E8CFE1,SHARED_ACTOR,78.0,Both incidents share lead actor ACT-A05EB96B.,75.0
LNK-CB5007FC,INCIDENT,INC-023A4B6B,INCIDENT,INC-ADB724B1,SHARED_ACTOR,78.0,Both incidents share lead actor ACT-A05EB96B.,75.0
LNK-A533AFE5,INCIDENT,INC-01E8CFE1,INCIDENT,INC-ADB724B1,SHARED_ACTOR,78.0,Both incidents share lead actor ACT-A05EB96B.,75.0
LNK-752D14CE,INCIDENT,INC-F3B15553,INCIDENT,INC-A82CC362,SHARED_ACTOR,78.0,Both incidents share lead actor ACT-6F081E40.,75.0
LNK-31C48DF6,INCIDENT,INC-F3B15553,INCIDENT,INC-1890EF7F,SHARED_ACTOR,78.0,Both incidents share lead actor ACT-6F081E40.,75.0
LNK-D5B7F2EB,INCIDENT,INC-741D3958,INCIDENT,INC-82D04226,SHARED_ACTOR,78.0,Both incidents share lead actor ACT-2AF63B3F.,75.0
LNK-B276F8E8,INCIDENT,INC-146BDA30,INCIDENT,INC-8C43E7FC,SHARED_ACTOR,78.0,Both incidents share lead actor ACT-45C722DA.,75.0
LNK-1C58B83D,INCIDENT,INC-116281CC,INCIDENT,INC-1DDB2C11,SHARED_ACTOR,78.0,Both incidents share lead actor ACT-6C2A62E9.,75.0
LNK-4481C1AC,INCIDENT,INC-2C70FAE0,INCIDENT,INC-1DDB2C11,SHARED_ACTOR,78.0,Both incidents share lead actor ACT-6C2A62E9.,75.0
LNK-723C91E2,INCIDENT,INC-2C70FAE0,INCIDENT,INC-116281CC,SHARED_ACTOR,78.0,Both incidents share lead actor ACT-6C2A62E9.,75.0
LNK-F100A258,INCIDENT,INC-7A465F5A,INCIDENT,INC-3309C37C,SHARED_ACTOR,78.0,Both incidents share lead actor ACT-6890BAC6.,75.0
LNK-4F615082,INCIDENT,INC-060C103D,INCIDENT,INC-3309C37C,SHARED_ACTOR,78.0,Both incidents share lead actor ACT-6890BAC6.,75.0
LNK-D7485146,INCIDENT,INC-060C103D,INCIDENT,INC-7A465F5A,SHARED_ACTOR,78.0,Both incidents share lead actor ACT-6890BAC6.,75.0
LNK-7BEF174A,INCIDENT,INC-94298C74,INCIDENT,INC-6D10E95C,SHARED_ACTOR,78.0,Both incidents share lead actor ACT-61CA522C.,75.0
LNK-CF35E401,INCIDENT,INC-976F24FE,INCIDENT,INC-32716F42,SHARED_ACTOR,78.0,Both incidents share lead actor ACT-61CA522C.,75.0
LNK-73C3899F,INCIDENT,INC-976F24FE,INCIDENT,INC-6D10E95C,SHARED_ACTOR,78.0,Both incidents share lead actor ACT-61CA522C.,75.0
LNK-3D5C471E,INCIDENT,INC-976F24FE,INCIDENT,INC-94298C74,SHARED_ACTOR,78.0,Both incidents share lead actor ACT-61CA522C.,75.0
LNK-0BBEB506,INCIDENT,INC-EF857B06,INCIDENT,INC-60B97CF6,SHARED_ACTOR,78.0,Both incidents share lead actor ACT-5BCEA423.,75.0
LNK-12570C59,INCIDENT,INC-A3DFB62E,INCIDENT,INC-69DA945D,SHARED_ACTOR,78.0,Both incidents share lead actor ACT-5BCEA423.,75.0
LNK-6B4F9F59,INCIDENT,INC-A3DFB62E,INCIDENT,INC-60B97CF6,SHARED_ACTOR,78.0,Both incidents share lead actor ACT-5BCEA423.,75.0
LNK-9C691966,INCIDENT,INC-A3DFB62E,INCIDENT,INC-EF857B06,SHARED_ACTOR,78.0,Both incidents share lead actor ACT-5BCEA423.,75.0
LNK-39910B39,INCIDENT,INC-2DDB92C7,INCIDENT,INC-6E8E7A45,SHARED_ACTOR,78.0,Both incidents share lead actor ACT-5B9A50EE.,75.0
LNK-0CB6935B,INCIDENT,INC-8C43E7FC,INCIDENT,INC-FB88CEDA,SHARED_ACTOR,78.0,Both incidents share lead actor ACT-45C722DA.,75.0
LNK-19A1CD32,INCIDENT,INC-15999B13,INCIDENT,INC-CB5C41F5,SHARED_ACTOR,78.0,Both incidents share lead actor ACT-480A6546.,75.0
LNK-99C6E294,INCIDENT,INC-15999B13,INCIDENT,INC-89C9D480,SHARED_ACTOR,78.0,Both incidents share lead actor ACT-480A6546.,75.0
LNK-6F039EC4,INCIDENT,INC-15999B13,INCIDENT,INC-AF82125B,SHARED_ACTOR,78.0,Both incidents share lead actor ACT-480A6546.,75.0
LNK-65003829,INCIDENT,INC-1E7A6C43,INCIDENT,INC-6FD8D1E2,SHARED_ACTOR,78.0,Both incidents share lead actor ACT-4DBAB638.,75.0
LNK-278DFC64,INCIDENT,INC-A8C18B51,INCIDENT,INC-F315480D,SHARED_ACTOR,78.0,Both incidents share lead actor ACT-516B220E.,75.0
LNK-7F80DB9A,INCIDENT,INC-15999B13,INCIDENT,INC-787713CD,SHARED_ACTOR,78.0,Both incidents share lead actor ACT-480A6546.,75.0
LNK-3B7317A4,INCIDENT,INC-A8C18B51,INCIDENT,INC-B340A50F,SHARED_ACTOR,78.0,Both incidents share lead actor ACT-516B220E.,75.0
LNK-9D097232,INCIDENT,INC-A8C18B51,INCIDENT,INC-50FDFD5C,SHARED_ACTOR,78.0,Both incidents share lead actor ACT-516B220E.,75.0
LNK-824A8BD3,INCIDENT,INC-5ED074E5,INCIDENT,INC-43B2CB9A,SHARED_ACTOR,78.0,Both incidents share lead actor ACT-525CFB31.,75.0
LNK-C8748225,INCIDENT,INC-30BA3CAE,INCIDENT,INC-9DA78801,SHARED_ACTOR,78.0,Both incidents share lead actor ACT-5535B8FF.,75.0
LNK-FA4CCAAE,INCIDENT,INC-30BA3CAE,INCIDENT,INC-431E4BE0,SHARED_ACTOR,78.0,Both incidents share lead actor ACT-5535B8FF.,75.0
LNK-59597ED5,INCIDENT,INC-30BA3CAE,INCIDENT,INC-5D101D0F,SHARED_ACTOR,78.0,Both incidents share lead actor ACT-5535B8FF.,75.0
LNK-F9C4310C,INCIDENT,INC-0900EA33,INCIDENT,INC-DDF4BE8C,SHARED_ACTOR,78.0,Both incidents share lead actor ACT-2F205955.,75.0
LNK-3D08F467,INCIDENT,INC-A8C18B51,INCIDENT,INC-D34E63D1,SHARED_ACTOR,78.0,Both incidents share lead actor ACT-516B220E.,75.0
LNK-DBD1C235,INCIDENT,INC-B0143C0C,INCIDENT,INC-38A2513D,SHARED_ACTOR,78.0,Both incidents share lead actor ACT-2F205955.,75.0
LNK-686A7E40,INCIDENT,INC-1E296D61,INCIDENT,INC-1CDD4560,SHARED_ACTOR,78.0,Both incidents share lead actor ACT-28E1066F.,75.0
LNK-469C25BA,INCIDENT,INC-73CA5741,INCIDENT,INC-BF3E895A,SHARED_ACTOR,78.0,Both incidents share lead actor ACT-239810D5.,75.0
LNK-5E100B13,INCIDENT,INC-8EB5B84D,INCIDENT,INC-4BCBFFEF,SHARED_ACTOR,78.0,Both incidents share lead actor ACT-1DF99FFB.,75.0
LNK-A4DED048,INCIDENT,INC-83618E73,INCIDENT,INC-BD24F6C5,SHARED_ACTOR,78.0,Both incidents share lead actor ACT-1D992B5E.,75.0
LNK-CD84AD56,INCIDENT,INC-515699A6,INCIDENT,INC-BD24F6C5,SHARED_ACTOR,78.0,Both incidents share lead actor ACT-1D992B5E.,75.0
LNK-6E161C5D,INCIDENT,INC-515699A6,INCIDENT,INC-83618E73,SHARED_ACTOR,78.0,Both incidents share lead actor ACT-1D992B5E.,75.0
LNK-6B50834A,INCIDENT,INC-B8101499,INCIDENT,INC-8F3C31BD,SHARED_ACTOR,78.0,Both incidents share lead actor ACT-16E31CC7.,75.0
LNK-646AD8AC,INCIDENT,INC-CA1AE4F9,INCIDENT,INC-BF3565C3,SHARED_ACTOR,78.0,Both incidents share lead actor ACT-157A0D7D.,75.0
LNK-A54D8376,INCIDENT,INC-FE7DD637,INCIDENT,INC-BF3565C3,SHARED_ACTOR,78.0,Both incidents share lead actor ACT-157A0D7D.,75.0
LNK-7F2C40FE,INCIDENT,INC-0D9BA78C,INCIDENT,INC-F9BF0F1F,SHARED_ACTOR,78.0,Both incidents share lead actor ACT-451B57E0.,75.0
LNK-6AD577BE,INCIDENT,INC-5ECD4F9B,INCIDENT,INC-7D4B283E,SHARED_ACTOR,78.0,Both incidents share lead actor ACT-40058B0F.,75.0
LNK-12DD7B00,INCIDENT,INC-C3E926DF,INCIDENT,INC-E8023570,SHARED_ACTOR,78.0,Both incidents share lead actor ACT-40058B0F.,75.0
LNK-960FDDEA,INCIDENT,INC-C3E926DF,INCIDENT,INC-7D4B283E,SHARED_ACTOR,78.0,Both incidents share lead actor ACT-40058B0F.,75.0
LNK-9D36D36F,INCIDENT,INC-C3E926DF,INCIDENT,INC-5ECD4F9B,SHARED_ACTOR,78.0,Both incidents share lead actor ACT-40058B0F.,75.0
LNK-3F8F6D21,INCIDENT,INC-F1B64D6B,INCIDENT,INC-9C66862F,SHARED_ACTOR,78.0,Both incidents share lead actor ACT-34C1CDB5.,75.0
LNK-B505818B,INCIDENT,INC-6F249708,INCIDENT,INC-71BCD2C8,SHARED_ACTOR,78.0,Both incidents share lead actor ACT-01EA26A9.,75.0
LNK-A5DC7F3A,INCIDENT,INC-1B2B6136,INCIDENT,INC-28275C25,SHARED_ACTOR,78.0,Both incidents share lead actor ACT-130BC3BE.,75.0
LNK-811FB5B1,INCIDENT,INC-E68D0BDF,INCIDENT,INC-1D3FC12F,SHARED_ACTOR,78.0,Both incidents share lead actor ACT-0E08ABDD.,75.0
LNK-4C967043,INCIDENT,INC-1B2B6136,INCIDENT,INC-4A35725C,SHARED_ACTOR,78.0,Both incidents share lead actor ACT-130BC3BE.,75.0
LNK-90E3BC69,INCIDENT,INC-7EE564E7,INCIDENT,INC-07FD8D0D,SHARED_ACTOR,78.0,Both incidents share lead actor ACT-0BE618C7.,75.0
LNK-59E5759B,INCIDENT,INC-7EE564E7,INCIDENT,INC-C54BDAF9,SHARED_ACTOR,78.0,Both incidents share lead actor ACT-0BE618C7.,75.0
LNK-5130BDD7,INCIDENT,INC-7EE564E7,INCIDENT,INC-9B509137,SHARED_ACTOR,78.0,Both incidents share lead actor ACT-0BE618C7.,75.0
LNK-DA46DEC0,INCIDENT,INC-F78CF454,INCIDENT,INC-54ADB586,SHARED_ACTOR,78.0,Both incidents share lead actor ACT-0D3A69A7.,75.0
LNK-7B5DA1DF,INCIDENT,INC-0900EA33,INCIDENT,INC-38A2513D,SHARED_ACTOR,78.0,Both incidents share lead actor ACT-2F205955.,75.0
LNK-96BA6442,INCIDENT,INC-63DF534D,INCIDENT,INC-B640A155,SHARED_ACTOR,78.0,Both incidents share lead actor ACT-0137B6D6.,75.0
LNK-C375202A,INCIDENT,INC-DC742503,INCIDENT,INC-494FEC72,SHARED_ACTOR,78.0,Both incidents share lead actor ACT-001930AF.,75.0
LNK-AF9B082B,INCIDENT,INC-B5390996,INCIDENT,INC-494FEC72,SHARED_ACTOR,78.0,Both incidents share lead actor ACT-001930AF.,75.0
LNK-BAFEE330,INCIDENT,INC-BD1CBF34,INCIDENT,INC-05AA8387,SHARED_ACTOR,78.0,Both incidents share lead actor ACT-2D0BDD94.,75.0
LNK-6541018E,INCIDENT,INC-0900EA33,INCIDENT,INC-B0143C0C,SHARED_ACTOR,78.0,Both incidents share lead actor ACT-2F205955.,75.0
LNK-C4DFD1DD,INCIDENT,INC-7EE564E7,INCIDENT,INC-BBF6FF7D,SHARED_ACTOR,78.0,Both incidents share lead actor ACT-0BE618C7.,75.0
LNK-F0E27989,ACTOR,ACT-A3B509D1,ACTOR,ACT-DUP-0004,ENTITY_MATCH,82.22,"Similar name (83%); Same nationality (Indian); Same region (Tamil Nadu); Shared corridor (Visakhapatnam–Mombasa, Chennai Port–Mombasa)",74.0
LNK-27CFD92A,SHIPMENT,SHP-33C1D724,SHIPMENT,SHP-0C27626B,SHARED_VEHICLE,75.0,Both shipments used vehicle VEH-FC911057.,72.0
LNK-A02972DF,SHIPMENT,SHP-DC2A0161,SHIPMENT,SHP-3CCAAB86,SHARED_VEHICLE,75.0,Both shipments used vehicle VEH-F2D4B468.,72.0
LNK-E4CD3E36,SHIPMENT,SHP-5C01DD7D,SHIPMENT,SHP-039C0F96,SHARED_VEHICLE,75.0,Both shipments used vehicle VEH-F2D4B468.,72.0
LNK-9C9607DC,SHIPMENT,SHP-5C01DD7D,SHIPMENT,SHP-3CCAAB86,SHARED_VEHICLE,75.0,Both shipments used vehicle VEH-F2D4B468.,72.0
LNK-55478488,SHIPMENT,SHP-42C4BEC1,SHIPMENT,SHP-043BFBE2,SHARED_VEHICLE,75.0,Both shipments used vehicle VEH-0051BCB6.,72.0
LNK-52432C7B,SHIPMENT,SHP-42C4BEC1,SHIPMENT,SHP-ED54ABEC,SHARED_VEHICLE,75.0,Both shipments used vehicle VEH-0051BCB6.,72.0
LNK-CB243F1D,SHIPMENT,SHP-42C4BEC1,SHIPMENT,SHP-E616E830,SHARED_VEHICLE,75.0,Both shipments used vehicle VEH-0051BCB6.,72.0
LNK-3C123338,SHIPMENT,SHP-FE3FC439,SHIPMENT,SHP-1F85C2D5,SHARED_VEHICLE,75.0,Both shipments used vehicle VEH-0D3D5473.,72.0
LNK-A4FCCAF4,SHIPMENT,SHP-FE3FC439,SHIPMENT,SHP-D52CBBC1,SHARED_VEHICLE,75.0,Both shipments used vehicle VEH-0D3D5473.,72.0
LNK-5CE21E51,SHIPMENT,SHP-FE3FC439,SHIPMENT,SHP-8E404399,SHARED_VEHICLE,75.0,Both shipments used vehicle VEH-0D3D5473.,72.0
LNK-02DF02EE,SHIPMENT,SHP-58B818BD,SHIPMENT,SHP-75D603A1,SHARED_VEHICLE,75.0,Both shipments used vehicle VEH-09A8C518.,72.0
LNK-C75CAFEA,SHIPMENT,SHP-3F5543CA,SHIPMENT,SHP-38E15599,SHARED_VEHICLE,75.0,Both shipments used vehicle VEH-09A8C518.,72.0
LNK-59A58984,SHIPMENT,SHP-3F5543CA,SHIPMENT,SHP-75D603A1,SHARED_VEHICLE,75.0,Both shipments used vehicle VEH-09A8C518.,72.0
LNK-2B85D836,SHIPMENT,SHP-3F5543CA,SHIPMENT,SHP-58B818BD,SHARED_VEHICLE,75.0,Both shipments used vehicle VEH-09A8C518.,72.0
LNK-884818C0,SHIPMENT,SHP-DF886655,SHIPMENT,SHP-16388F30,SHARED_VEHICLE,75.0,Both shipments used vehicle VEH-E779DE2C.,72.0
LNK-B241ACE8,SHIPMENT,SHP-96DFE8DE,SHIPMENT,SHP-F16C7474,SHARED_VEHICLE,75.0,Both shipments used vehicle VEH-E89C1A00.,72.0
LNK-7966A21A,SHIPMENT,SHP-96DFE8DE,SHIPMENT,SHP-E47771CF,SHARED_VEHICLE,75.0,Both shipments used vehicle VEH-E89C1A00.,72.0
LNK-5D24BCA5,SHIPMENT,SHP-F16C7474,SHIPMENT,SHP-E47771CF,SHARED_VEHICLE,75.0,Both shipments used vehicle VEH-E89C1A00.,72.0
LNK-238EE568,SHIPMENT,SHP-7087B26B,SHIPMENT,SHP-8B7C6F73,SHARED_VEHICLE,75.0,Both shipments used vehicle VEH-E8E1B36D.,72.0
LNK-CCAD0153,SHIPMENT,SHP-7087B26B,SHIPMENT,SHP-D98C894A,SHARED_VEHICLE,75.0,Both shipments used vehicle VEH-E8E1B36D.,72.0
LNK-AE279FB4,SHIPMENT,SHP-8B7C6F73,SHIPMENT,SHP-D98C894A,SHARED_VEHICLE,75.0,Both shipments used vehicle VEH-E8E1B36D.,72.0
LNK-4DF88D39,SHIPMENT,SHP-736FF9A4,SHIPMENT,SHP-9A086720,SHARED_VEHICLE,75.0,Both shipments used vehicle VEH-F1AF1ECA.,72.0
LNK-2F75E126,SHIPMENT,SHP-736FF9A4,SHIPMENT,SHP-FF0B55B6,SHARED_VEHICLE,75.0,Both shipments used vehicle VEH-F1AF1ECA.,72.0
LNK-597FB94D,SHIPMENT,SHP-736FF9A4,SHIPMENT,SHP-86BDC87F,SHARED_VEHICLE,75.0,Both shipments used vehicle VEH-F1AF1ECA.,72.0
LNK-5FA6C0FB,SHIPMENT,SHP-736FF9A4,SHIPMENT,SHP-0F04CA8D,SHARED_VEHICLE,75.0,Both shipments used vehicle VEH-F1AF1ECA.,72.0
LNK-D2802A6A,SHIPMENT,SHP-831F68C7,SHIPMENT,SHP-DD65543D,SHARED_VEHICLE,75.0,Both shipments used vehicle VEH-F22B1F49.,72.0
LNK-D994DE12,SHIPMENT,SHP-831F68C7,SHIPMENT,SHP-C3CD0C1C,SHARED_VEHICLE,75.0,Both shipments used vehicle VEH-F22B1F49.,72.0
LNK-68D57E1D,SHIPMENT,SHP-831F68C7,SHIPMENT,SHP-414986DB,SHARED_VEHICLE,75.0,Both shipments used vehicle VEH-F22B1F49.,72.0
LNK-0CB7A285,SHIPMENT,SHP-831F68C7,SHIPMENT,SHP-F7ED1158,SHARED_VEHICLE,75.0,Both shipments used vehicle VEH-F22B1F49.,72.0
LNK-65D4DAF5,SHIPMENT,SHP-5C01DD7D,SHIPMENT,SHP-DC2A0161,SHARED_VEHICLE,75.0,Both shipments used vehicle VEH-F2D4B468.,72.0
LNK-8FC24276,SHIPMENT,SHP-FA91465E,SHIPMENT,SHP-31D2CDD4,SHARED_VEHICLE,75.0,Both shipments used vehicle VEH-3030EB47.,72.0
LNK-2E4A7756,SHIPMENT,SHP-FA91465E,SHIPMENT,SHP-679D7953,SHARED_VEHICLE,75.0,Both shipments used vehicle VEH-3030EB47.,72.0
LNK-28EB8C57,SHIPMENT,SHP-F5C3EBC0,SHIPMENT,SHP-1C49F306,SHARED_VEHICLE,75.0,Both shipments used vehicle VEH-386D9F56.,72.0
LNK-9AAACF67,SHIPMENT,SHP-F5C3EBC0,SHIPMENT,SHP-9525286E,SHARED_VEHICLE,75.0,Both shipments used vehicle VEH-386D9F56.,72.0
LNK-F17A6AF9,SHIPMENT,SHP-F5C3EBC0,SHIPMENT,SHP-E6181EDF,SHARED_VEHICLE,75.0,Both shipments used vehicle VEH-386D9F56.,72.0
LNK-AFE75E19,SHIPMENT,SHP-F5C3EBC0,SHIPMENT,SHP-AC77A377,SHARED_VEHICLE,75.0,Both shipments used vehicle VEH-386D9F56.,72.0
LNK-975156E4,SHIPMENT,SHP-DCD040C9,SHIPMENT,SHP-FBAFAAF4,SHARED_VEHICLE,75.0,Both shipments used vehicle VEH-39068AE2.,72.0
LNK-57FAD76B,SHIPMENT,SHP-DCD040C9,SHIPMENT,SHP-2B05CD27,SHARED_VEHICLE,75.0,Both shipments used vehicle VEH-39068AE2.,72.0
LNK-0D44FE91,SHIPMENT,SHP-DCD040C9,SHIPMENT,SHP-451F8D7C,SHARED_VEHICLE,75.0,Both shipments used vehicle VEH-39068AE2.,72.0
LNK-197B4590,SHIPMENT,SHP-DCD040C9,SHIPMENT,SHP-DE3CAB36,SHARED_VEHICLE,75.0,Both shipments used vehicle VEH-39068AE2.,72.0
LNK-7675FCD7,SHIPMENT,SHP-A40B4E45,SHIPMENT,SHP-D1B9C768,SHARED_VEHICLE,75.0,Both shipments used vehicle VEH-3B9C1DE1.,72.0
LNK-AC85AB5A,SHIPMENT,SHP-A40B4E45,SHIPMENT,SHP-609ACF98,SHARED_VEHICLE,75.0,Both shipments used vehicle VEH-3B9C1DE1.,72.0
LNK-E485B7A2,SHIPMENT,SHP-A40B4E45,SHIPMENT,SHP-0974743F,SHARED_VEHICLE,75.0,Both shipments used vehicle VEH-3B9C1DE1.,72.0
LNK-C9049E9B,SHIPMENT,SHP-D1B9C768,SHIPMENT,SHP-609ACF98,SHARED_VEHICLE,75.0,Both shipments used vehicle VEH-3B9C1DE1.,72.0
LNK-2F304E97,SHIPMENT,SHP-170E7FE1,SHIPMENT,SHP-DAB587CD,SHARED_VEHICLE,75.0,Both shipments used vehicle VEH-3E4BA0D6.,72.0
LNK-5715D953,SHIPMENT,SHP-170E7FE1,SHIPMENT,SHP-80C73A8B,SHARED_VEHICLE,75.0,Both shipments used vehicle VEH-3E4BA0D6.,72.0
LNK-C8E9DF34,SHIPMENT,SHP-DAB587CD,SHIPMENT,SHP-80C73A8B,SHARED_VEHICLE,75.0,Both shipments used vehicle VEH-3E4BA0D6.,72.0
LNK-D397F7F2,SHIPMENT,SHP-23ADFF82,SHIPMENT,SHP-555C82F6,SHARED_VEHICLE,75.0,Both shipments used vehicle VEH-42F5939A.,72.0
LNK-EBDDF75B,SHIPMENT,SHP-23ADFF82,SHIPMENT,SHP-9D4F0DBB,SHARED_VEHICLE,75.0,Both shipments used vehicle VEH-42F5939A.,72.0
LNK-87562610,SHIPMENT,SHP-23ADFF82,SHIPMENT,SHP-BD97C92A,SHARED_VEHICLE,75.0,Both shipments used vehicle VEH-42F5939A.,72.0
LNK-5A4C6869,SHIPMENT,SHP-23ADFF82,SHIPMENT,SHP-E9C74834,SHARED_VEHICLE,75.0,Both shipments used vehicle VEH-42F5939A.,72.0
LNK-27FC8385,SHIPMENT,SHP-77A0D5CB,SHIPMENT,SHP-A5B3B5C4,SHARED_VEHICLE,75.0,Both shipments used vehicle VEH-44FE90AD.,72.0
LNK-B1320B3F,SHIPMENT,SHP-77A0D5CB,SHIPMENT,SHP-9F153763,SHARED_VEHICLE,75.0,Both shipments used vehicle VEH-44FE90AD.,72.0
LNK-BADBB460,SHIPMENT,SHP-A5B3B5C4,SHIPMENT,SHP-9F153763,SHARED_VEHICLE,75.0,Both shipments used vehicle VEH-44FE90AD.,72.0
LNK-550FD8B6,SHIPMENT,SHP-6CF2ABAD,SHIPMENT,SHP-1A953FFD,SHARED_VEHICLE,75.0,Both shipments used vehicle VEH-46969AFB.,72.0
LNK-38761E74,SHIPMENT,SHP-6CF2ABAD,SHIPMENT,SHP-C4C76684,SHARED_VEHICLE,75.0,Both shipments used vehicle VEH-46969AFB.,72.0
LNK-3704FECE,SHIPMENT,SHP-6CF2ABAD,SHIPMENT,SHP-02471ED0,SHARED_VEHICLE,75.0,Both shipments used vehicle VEH-46969AFB.,72.0
LNK-05CD4A1E,SHIPMENT,SHP-6CF2ABAD,SHIPMENT,SHP-AEC4BBAF,SHARED_VEHICLE,75.0,Both shipments used vehicle VEH-46969AFB.,72.0
LNK-D4446EC3,SHIPMENT,SHP-025303F2,SHIPMENT,SHP-8B05B767,SHARED_VEHICLE,75.0,Both shipments used vehicle VEH-4C11904A.,72.0
LNK-A5EA75AD,SHIPMENT,SHP-025303F2,SHIPMENT,SHP-C3106386,SHARED_VEHICLE,75.0,Both shipments used vehicle VEH-4C11904A.,72.0
LNK-FA3E69B8,SHIPMENT,SHP-8B05B767,SHIPMENT,SHP-C3106386,SHARED_VEHICLE,75.0,Both shipments used vehicle VEH-4C11904A.,72.0
LNK-8830431A,SHIPMENT,SHP-521D1E4A,SHIPMENT,SHP-CAEB3122,SHARED_VEHICLE,75.0,Both shipments used vehicle VEH-4FFBE26F.,72.0
LNK-9B017422,SHIPMENT,SHP-521D1E4A,SHIPMENT,SHP-51721771,SHARED_VEHICLE,75.0,Both shipments used vehicle VEH-4FFBE26F.,72.0
LNK-2E8BDF9C,SHIPMENT,SHP-521D1E4A,SHIPMENT,SHP-19CBFA22,SHARED_VEHICLE,75.0,Both shipments used vehicle VEH-4FFBE26F.,72.0
LNK-78300739,SHIPMENT,SHP-521D1E4A,SHIPMENT,SHP-FC63FDF9,SHARED_VEHICLE,75.0,Both shipments used vehicle VEH-4FFBE26F.,72.0
LNK-17E12F9F,SHIPMENT,SHP-44B3B5AB,SHIPMENT,SHP-F9A58D0D,SHARED_VEHICLE,75.0,Both shipments used vehicle VEH-52246933.,72.0
LNK-B8CA0443,SHIPMENT,SHP-44B3B5AB,SHIPMENT,SHP-DB5B7C4B,SHARED_VEHICLE,75.0,Both shipments used vehicle VEH-52246933.,72.0
LNK-39376D89,SHIPMENT,SHP-44B3B5AB,SHIPMENT,SHP-1BA7D707,SHARED_VEHICLE,75.0,Both shipments used vehicle VEH-52246933.,72.0
LNK-225390F4,SHIPMENT,SHP-F9A58D0D,SHIPMENT,SHP-DB5B7C4B,SHARED_VEHICLE,75.0,Both shipments used vehicle VEH-52246933.,72.0
LNK-772DC591,SHIPMENT,SHP-4BEC36D3,SHIPMENT,SHP-781FC354,SHARED_VEHICLE,75.0,Both shipments used vehicle VEH-52CEF0A2.,72.0
LNK-F33332A6,SHIPMENT,SHP-4BEC36D3,SHIPMENT,SHP-95763CFB,SHARED_VEHICLE,75.0,Both shipments used vehicle VEH-52CEF0A2.,72.0
LNK-603D274C,SHIPMENT,SHP-4BEC36D3,SHIPMENT,SHP-D3CD56CA,SHARED_VEHICLE,75.0,Both shipments used vehicle VEH-52CEF0A2.,72.0
LNK-0AD8F9E9,SHIPMENT,SHP-4BEC36D3,SHIPMENT,SHP-9E1F1EBC,SHARED_VEHICLE,75.0,Both shipments used vehicle VEH-52CEF0A2.,72.0
LNK-EB2DE756,SHIPMENT,SHP-DB3E980E,SHIPMENT,SHP-17E3C765,SHARED_VEHICLE,75.0,Both shipments used vehicle VEH-55A72D76.,72.0
LNK-C25B7F46,SHIPMENT,SHP-DB3E980E,SHIPMENT,SHP-52C472F2,SHARED_VEHICLE,75.0,Both shipments used vehicle VEH-55A72D76.,72.0
LNK-6D36B44F,SHIPMENT,SHP-DB3E980E,SHIPMENT,SHP-AEEC1854,SHARED_VEHICLE,75.0,Both shipments used vehicle VEH-55A72D76.,72.0
LNK-33CF02D6,SHIPMENT,SHP-DB3E980E,SHIPMENT,SHP-2E22B307,SHARED_VEHICLE,75.0,Both shipments used vehicle VEH-55A72D76.,72.0
LNK-6EEC02DF,SHIPMENT,SHP-CEEBF801,SHIPMENT,SHP-FB87F03C,SHARED_VEHICLE,75.0,Both shipments used vehicle VEH-58A0266E.,72.0
LNK-0869DEEE,SHIPMENT,SHP-CEEBF801,SHIPMENT,SHP-344E093B,SHARED_VEHICLE,75.0,Both shipments used vehicle VEH-58A0266E.,72.0
LNK-A72AEA5D,SHIPMENT,SHP-CEEBF801,SHIPMENT,SHP-541EFB13,SHARED_VEHICLE,75.0,Both shipments used vehicle VEH-58A0266E.,72.0
LNK-8D553742,SHIPMENT,SHP-CEEBF801,SHIPMENT,SHP-BECA12D0,SHARED_VEHICLE,75.0,Both shipments used vehicle VEH-58A0266E.,72.0
LNK-D8AFC10B,SHIPMENT,SHP-3E661DF6,SHIPMENT,SHP-9A1FB98A,SHARED_VEHICLE,75.0,Both shipments used vehicle VEH-642110EA.,72.0
LNK-48ADB2A9,SHIPMENT,SHP-3E661DF6,SHIPMENT,SHP-9A431D06,SHARED_VEHICLE,75.0,Both shipments used vehicle VEH-642110EA.,72.0
LNK-909A9FB1,SHIPMENT,SHP-3E661DF6,SHIPMENT,SHP-86757301,SHARED_VEHICLE,75.0,Both shipments used vehicle VEH-642110EA.,72.0
LNK-1233DCD6,SHIPMENT,SHP-9A1FB98A,SHIPMENT,SHP-9A431D06,SHARED_VEHICLE,75.0,Both shipments used vehicle VEH-642110EA.,72.0
LNK-7B5171D0,SHIPMENT,SHP-9F339087,SHIPMENT,SHP-DB6C3FD9,SHARED_VEHICLE,75.0,Both shipments used vehicle VEH-66E3BDFD.,72.0
LNK-062CADAE,SHIPMENT,SHP-9F339087,SHIPMENT,SHP-60AA9BD1,SHARED_VEHICLE,75.0,Both shipments used vehicle VEH-66E3BDFD.,72.0
LNK-EEBFD3B1,SHIPMENT,SHP-9F339087,SHIPMENT,SHP-49232F6D,SHARED_VEHICLE,75.0,Both shipments used vehicle VEH-66E3BDFD.,72.0
LNK-6E7BBFDB,SHIPMENT,SHP-9F339087,SHIPMENT,SHP-6BD33CCA,SHARED_VEHICLE,75.0,Both shipments used vehicle VEH-66E3BDFD.,72.0
LNK-770FB55C,SHIPMENT,SHP-BA3089B2,SHIPMENT,SHP-B8E24C1C,SHARED_VEHICLE,75.0,Both shipments used vehicle VEH-6989DB09.,72.0
LNK-FD252228,SHIPMENT,SHP-BA3089B2,SHIPMENT,SHP-046FD31D,SHARED_VEHICLE,75.0,Both shipments used vehicle VEH-6989DB09.,72.0
LNK-BC930B2E,SHIPMENT,SHP-BA3089B2,SHIPMENT,SHP-68D7EA6D,SHARED_VEHICLE,75.0,Both shipments used vehicle VEH-6989DB09.,72.0
LNK-C31029BC,SHIPMENT,SHP-BA3089B2,SHIPMENT,SHP-204B9F67,SHARED_VEHICLE,75.0,Both shipments used vehicle VEH-6989DB09.,72.0
LNK-570EED59,SHIPMENT,SHP-4C62338B,SHIPMENT,SHP-1DDFC4C5,SHARED_VEHICLE,75.0,Both shipments used vehicle VEH-69A64C1C.,72.0
LNK-EDF0D761,SHIPMENT,SHP-4C62338B,SHIPMENT,SHP-3AAB4A10,SHARED_VEHICLE,75.0,Both shipments used vehicle VEH-69A64C1C.,72.0
LNK-E1424975,SHIPMENT,SHP-4C62338B,SHIPMENT,SHP-2A40369F,SHARED_VEHICLE,75.0,Both shipments used vehicle VEH-69A64C1C.,72.0
LNK-8E553DA7,SHIPMENT,SHP-4C62338B,SHIPMENT,SHP-8B1C559F,SHARED_VEHICLE,75.0,Both shipments used vehicle VEH-69A64C1C.,72.0
LNK-F50BFDC2,SHIPMENT,SHP-5677DECA,SHIPMENT,SHP-0C1B97A4,SHARED_VEHICLE,75.0,Both shipments used vehicle VEH-6A29C4F6.,72.0
LNK-4DB02FBF,SHIPMENT,SHP-5677DECA,SHIPMENT,SHP-34B6FC24,SHARED_VEHICLE,75.0,Both shipments used vehicle VEH-6A29C4F6.,72.0
LNK-87310B8F,SHIPMENT,SHP-5677DECA,SHIPMENT,SHP-6D1DA122,SHARED_VEHICLE,75.0,Both shipments used vehicle VEH-6A29C4F6.,72.0
LNK-BC99C2D6,SHIPMENT,SHP-5677DECA,SHIPMENT,SHP-7E962700,SHARED_VEHICLE,75.0,Both shipments used vehicle VEH-6A29C4F6.,72.0
LNK-D7839C50,SHIPMENT,SHP-A846B1D9,SHIPMENT,SHP-694CB208,SHARED_VEHICLE,75.0,Both shipments used vehicle VEH-6D08839D.,72.0
LNK-258706F5,SHIPMENT,SHP-A846B1D9,SHIPMENT,SHP-2BD751B4,SHARED_VEHICLE,75.0,Both shipments used vehicle VEH-6D08839D.,72.0
LNK-01383DF3,SHIPMENT,SHP-A846B1D9,SHIPMENT,SHP-2B1601B3,SHARED_VEHICLE,75.0,Both shipments used vehicle VEH-6D08839D.,72.0
LNK-6CFCAD71,SHIPMENT,SHP-A846B1D9,SHIPMENT,SHP-157C5D56,SHARED_VEHICLE,75.0,Both shipments used vehicle VEH-6D08839D.,72.0
LNK-27A969E5,SHIPMENT,SHP-1EE9C546,SHIPMENT,SHP-604F5BBE,SHARED_VEHICLE,75.0,Both shipments used vehicle VEH-6EC350B3.,72.0
LNK-B7563E16,SHIPMENT,SHP-1EE9C546,SHIPMENT,SHP-9B9C50D2,SHARED_VEHICLE,75.0,Both shipments used vehicle VEH-6EC350B3.,72.0
LNK-FC759905,SHIPMENT,SHP-1EE9C546,SHIPMENT,SHP-FB7C8841,SHARED_VEHICLE,75.0,Both shipments used vehicle VEH-6EC350B3.,72.0
LNK-36731C08,SHIPMENT,SHP-604F5BBE,SHIPMENT,SHP-9B9C50D2,SHARED_VEHICLE,75.0,Both shipments used vehicle VEH-6EC350B3.,72.0
LNK-E15FF336,SHIPMENT,SHP-08880AD4,SHIPMENT,SHP-DCCBE983,SHARED_VEHICLE,75.0,Both shipments used vehicle VEH-74BDC153.,72.0
LNK-5A2051E1,SHIPMENT,SHP-08880AD4,SHIPMENT,SHP-6AEAA05F,SHARED_VEHICLE,75.0,Both shipments used vehicle VEH-74BDC153.,72.0
LNK-0B64F3F1,SHIPMENT,SHP-08880AD4,SHIPMENT,SHP-74E8AFB2,SHARED_VEHICLE,75.0,Both shipments used vehicle VEH-74BDC153.,72.0
LNK-B9733093,SHIPMENT,SHP-08880AD4,SHIPMENT,SHP-57289C43,SHARED_VEHICLE,75.0,Both shipments used vehicle VEH-74BDC153.,72.0
LNK-067B5E01,SHIPMENT,SHP-476BF43E,SHIPMENT,SHP-3AE236DE,SHARED_VEHICLE,75.0,Both shipments used vehicle VEH-7769BEB2.,72.0
LNK-33CDEF90,SHIPMENT,SHP-476BF43E,SHIPMENT,SHP-BF069F6D,SHARED_VEHICLE,75.0,Both shipments used vehicle VEH-7769BEB2.,72.0
LNK-35BF5F47,SHIPMENT,SHP-3AE236DE,SHIPMENT,SHP-BF069F6D,SHARED_VEHICLE,75.0,Both shipments used vehicle VEH-7769BEB2.,72.0
LNK-93593A6E,SHIPMENT,SHP-ACCE6969,SHIPMENT,SHP-8C8F0EA5,SHARED_VEHICLE,75.0,Both shipments used vehicle VEH-78002D47.,72.0
LNK-1D7D0FC5,SHIPMENT,SHP-ACCE6969,SHIPMENT,SHP-D19B979C,SHARED_VEHICLE,75.0,Both shipments used vehicle VEH-78002D47.,72.0
LNK-63F22464,SHIPMENT,SHP-ACCE6969,SHIPMENT,SHP-1E8E4636,SHARED_VEHICLE,75.0,Both shipments used vehicle VEH-78002D47.,72.0
LNK-66A75FAE,SHIPMENT,SHP-ACCE6969,SHIPMENT,SHP-2392FD99,SHARED_VEHICLE,75.0,Both shipments used vehicle VEH-78002D47.,72.0
LNK-E40D9EED,SHIPMENT,SHP-D5AABC11,SHIPMENT,SHP-AB129627,SHARED_VEHICLE,75.0,Both shipments used vehicle VEH-7815991E.,72.0
LNK-61C16A4C,SHIPMENT,SHP-D5AABC11,SHIPMENT,SHP-72087970,SHARED_VEHICLE,75.0,Both shipments used vehicle VEH-7815991E.,72.0
LNK-38A0ACD5,SHIPMENT,SHP-D5AABC11,SHIPMENT,SHP-1F12B1C4,SHARED_VEHICLE,75.0,Both shipments used vehicle VEH-7815991E.,72.0
LNK-1D124504,SHIPMENT,SHP-D5AABC11,SHIPMENT,SHP-44ECF00B,SHARED_VEHICLE,75.0,Both shipments used vehicle VEH-7815991E.,72.0
LNK-0299239C,SHIPMENT,SHP-1786A93B,SHIPMENT,SHP-0CD89D47,SHARED_VEHICLE,75.0,Both shipments used vehicle VEH-79A71B87.,72.0
LNK-6E068669,SHIPMENT,SHP-1786A93B,SHIPMENT,SHP-C07F17B8,SHARED_VEHICLE,75.0,Both shipments used vehicle VEH-79A71B87.,72.0
LNK-A3248867,SHIPMENT,SHP-1786A93B,SHIPMENT,SHP-1891CCA1,SHARED_VEHICLE,75.0,Both shipments used vehicle VEH-79A71B87.,72.0
LNK-8DCCC8C6,SHIPMENT,SHP-0CD89D47,SHIPMENT,SHP-C07F17B8,SHARED_VEHICLE,75.0,Both shipments used vehicle VEH-79A71B87.,72.0
LNK-5C598209,SHIPMENT,SHP-22A387BD,SHIPMENT,SHP-70623C78,SHARED_VEHICLE,75.0,Both shipments used vehicle VEH-7DDE0FB2.,72.0
LNK-E68AB51B,SHIPMENT,SHP-22A387BD,SHIPMENT,SHP-6249BD8F,SHARED_VEHICLE,75.0,Both shipments used vehicle VEH-7DDE0FB2.,72.0
LNK-D75F4536,SHIPMENT,SHP-22A387BD,SHIPMENT,SHP-A44AF8E1,SHARED_VEHICLE,75.0,Both shipments used vehicle VEH-7DDE0FB2.,72.0
LNK-F6CA6F0E,SHIPMENT,SHP-22A387BD,SHIPMENT,SHP-E8138B8E,SHARED_VEHICLE,75.0,Both shipments used vehicle VEH-7DDE0FB2.,72.0
LNK-43D0FF52,SHIPMENT,SHP-06E856BF,SHIPMENT,SHP-59FB3EC1,SHARED_VEHICLE,75.0,Both shipments used vehicle VEH-852A02ED.,72.0
LNK-2582DB4A,SHIPMENT,SHP-EC2A18FD,SHIPMENT,SHP-8A23C45D,SHARED_VEHICLE,75.0,Both shipments used vehicle VEH-875537E2.,72.0
LNK-47DEFC7D,SHIPMENT,SHP-EC2A18FD,SHIPMENT,SHP-A97E26BF,SHARED_VEHICLE,75.0,Both shipments used vehicle VEH-875537E2.,72.0
LNK-508861A4,SHIPMENT,SHP-EC2A18FD,SHIPMENT,SHP-4059CEE7,SHARED_VEHICLE,75.0,Both shipments used vehicle VEH-875537E2.,72.0
LNK-FA227C61,SHIPMENT,SHP-EC2A18FD,SHIPMENT,SHP-EEF42F2C,SHARED_VEHICLE,75.0,Both shipments used vehicle VEH-875537E2.,72.0
LNK-A6EE6D6D,SHIPMENT,SHP-1908FEF6,SHIPMENT,SHP-30845996,SHARED_VEHICLE,75.0,Both shipments used vehicle VEH-89A02B74.,72.0
LNK-D2BA29D4,SHIPMENT,SHP-1908FEF6,SHIPMENT,SHP-A213EB76,SHARED_VEHICLE,75.0,Both shipments used vehicle VEH-89A02B74.,72.0
LNK-FBAB0E0D,SHIPMENT,SHP-1908FEF6,SHIPMENT,SHP-984EEFE9,SHARED_VEHICLE,75.0,Both shipments used vehicle VEH-89A02B74.,72.0
LNK-64CD89FD,SHIPMENT,SHP-1908FEF6,SHIPMENT,SHP-BD8283B7,SHARED_VEHICLE,75.0,Both shipments used vehicle VEH-89A02B74.,72.0
LNK-7A343FE5,SHIPMENT,SHP-5427CD63,SHIPMENT,SHP-6A6139A6,SHARED_VEHICLE,75.0,Both shipments used vehicle VEH-8B42C37D.,72.0
LNK-876BB7EE,SHIPMENT,SHP-5427CD63,SHIPMENT,SHP-104D193E,SHARED_VEHICLE,75.0,Both shipments used vehicle VEH-8B42C37D.,72.0
LNK-4D58C09C,SHIPMENT,SHP-5427CD63,SHIPMENT,SHP-199B0E11,SHARED_VEHICLE,75.0,Both shipments used vehicle VEH-8B42C37D.,72.0
LNK-1FB42431,SHIPMENT,SHP-5427CD63,SHIPMENT,SHP-8D3DB285,SHARED_VEHICLE,75.0,Both shipments used vehicle VEH-8B42C37D.,72.0
LNK-7E31B848,SHIPMENT,SHP-969333B1,SHIPMENT,SHP-AEFF55A7,SHARED_VEHICLE,75.0,Both shipments used vehicle VEH-8C4716E8.,72.0
LNK-9BE26FA7,SHIPMENT,SHP-969333B1,SHIPMENT,SHP-373FBD6A,SHARED_VEHICLE,75.0,Both shipments used vehicle VEH-8C4716E8.,72.0
LNK-2F7D6996,SHIPMENT,SHP-969333B1,SHIPMENT,SHP-B74970A7,SHARED_VEHICLE,75.0,Both shipments used vehicle VEH-8C4716E8.,72.0
LNK-EEE9CCC0,SHIPMENT,SHP-969333B1,SHIPMENT,SHP-36B9EE67,SHARED_VEHICLE,75.0,Both shipments used vehicle VEH-8C4716E8.,72.0
LNK-EEEC710A,SHIPMENT,SHP-CE318B37,SHIPMENT,SHP-69620EA9,SHARED_VEHICLE,75.0,Both shipments used vehicle VEH-8E8C7BFC.,72.0
LNK-66B15BBB,SHIPMENT,SHP-CE318B37,SHIPMENT,SHP-8D5BAE35,SHARED_VEHICLE,75.0,Both shipments used vehicle VEH-8E8C7BFC.,72.0
LNK-D54CAFAB,SHIPMENT,SHP-CE318B37,SHIPMENT,SHP-C2856960,SHARED_VEHICLE,75.0,Both shipments used vehicle VEH-8E8C7BFC.,72.0
LNK-D9FD8B70,SHIPMENT,SHP-CE318B37,SHIPMENT,SHP-C51A7746,SHARED_VEHICLE,75.0,Both shipments used vehicle VEH-8E8C7BFC.,72.0
LNK-E671EDBA,SHIPMENT,SHP-E78DAB87,SHIPMENT,SHP-40816814,SHARED_VEHICLE,75.0,Both shipments used vehicle VEH-920EE291.,72.0
LNK-448AC27E,SHIPMENT,SHP-E78DAB87,SHIPMENT,SHP-19A49F5E,SHARED_VEHICLE,75.0,Both shipments used vehicle VEH-920EE291.,72.0
LNK-4795348E,SHIPMENT,SHP-E78DAB87,SHIPMENT,SHP-F5C7ED6B,SHARED_VEHICLE,75.0,Both shipments used vehicle VEH-920EE291.,72.0
LNK-3F5B1D5D,SHIPMENT,SHP-E78DAB87,SHIPMENT,SHP-784187CD,SHARED_VEHICLE,75.0,Both shipments used vehicle VEH-920EE291.,72.0
LNK-AD5586C5,SHIPMENT,SHP-454D5CBA,SHIPMENT,SHP-7D7DDB60,SHARED_VEHICLE,75.0,Both shipments used vehicle VEH-93BBC0AE.,72.0
LNK-534089DE,SHIPMENT,SHP-BEC6DF8B,SHIPMENT,SHP-C0786763,SHARED_VEHICLE,75.0,Both shipments used vehicle VEH-953B7492.,72.0
LNK-06FE8742,SHIPMENT,SHP-BEC6DF8B,SHIPMENT,SHP-3866C0E1,SHARED_VEHICLE,75.0,Both shipments used vehicle VEH-953B7492.,72.0
LNK-B6B38582,SHIPMENT,SHP-BEC6DF8B,SHIPMENT,SHP-94551CE5,SHARED_VEHICLE,75.0,Both shipments used vehicle VEH-953B7492.,72.0
LNK-BC92FEF9,SHIPMENT,SHP-C0786763,SHIPMENT,SHP-3866C0E1,SHARED_VEHICLE,75.0,Both shipments used vehicle VEH-953B7492.,72.0
LNK-F50211D9,SHIPMENT,SHP-2249ADC5,SHIPMENT,SHP-B9E8CF7F,SHARED_VEHICLE,75.0,Both shipments used vehicle VEH-9A32A5BD.,72.0
LNK-5EF59263,SHIPMENT,SHP-2249ADC5,SHIPMENT,SHP-B3302155,SHARED_VEHICLE,75.0,Both shipments used vehicle VEH-9A32A5BD.,72.0
LNK-E72639E6,SHIPMENT,SHP-2249ADC5,SHIPMENT,SHP-A03C41FC,SHARED_VEHICLE,75.0,Both shipments used vehicle VEH-9A32A5BD.,72.0
LNK-86931F73,SHIPMENT,SHP-2249ADC5,SHIPMENT,SHP-70AE6536,SHARED_VEHICLE,75.0,Both shipments used vehicle VEH-9A32A5BD.,72.0
LNK-B6A49B21,SHIPMENT,SHP-86270B99,SHIPMENT,SHP-A8F83E8C,SHARED_VEHICLE,75.0,Both shipments used vehicle VEH-A14E5F6F.,72.0
LNK-AB4809A2,SHIPMENT,SHP-86270B99,SHIPMENT,SHP-E5579764,SHARED_VEHICLE,75.0,Both shipments used vehicle VEH-A14E5F6F.,72.0
LNK-9BDC73AA,SHIPMENT,SHP-A8F83E8C,SHIPMENT,SHP-E5579764,SHARED_VEHICLE,75.0,Both shipments used vehicle VEH-A14E5F6F.,72.0
LNK-E173ACFE,SHIPMENT,SHP-A171D20F,SHIPMENT,SHP-318FEFF8,SHARED_VEHICLE,75.0,Both shipments used vehicle VEH-A9908C11.,72.0
LNK-52F69E6C,SHIPMENT,SHP-A171D20F,SHIPMENT,SHP-12ED5200,SHARED_VEHICLE,75.0,Both shipments used vehicle VEH-A9908C11.,72.0
LNK-2A924DC4,SHIPMENT,SHP-A171D20F,SHIPMENT,SHP-724EFE77,SHARED_VEHICLE,75.0,Both shipments used vehicle VEH-A9908C11.,72.0
LNK-369F3E17,SHIPMENT,SHP-A171D20F,SHIPMENT,SHP-62CC423B,SHARED_VEHICLE,75.0,Both shipments used vehicle VEH-A9908C11.,72.0
LNK-80D5AEE2,SHIPMENT,SHP-EC22AD55,SHIPMENT,SHP-9FB88120,SHARED_VEHICLE,75.0,Both shipments used vehicle VEH-AA99CADF.,72.0
LNK-EF1C6C18,SHIPMENT,SHP-EC22AD55,SHIPMENT,SHP-E1406A3B,SHARED_VEHICLE,75.0,Both shipments used vehicle VEH-AA99CADF.,72.0
LNK-8E1461F5,SHIPMENT,SHP-EC22AD55,SHIPMENT,SHP-65C92A58,SHARED_VEHICLE,75.0,Both shipments used vehicle VEH-AA99CADF.,72.0
LNK-F00F8F40,SHIPMENT,SHP-EC22AD55,SHIPMENT,SHP-AC9163EC,SHARED_VEHICLE,75.0,Both shipments used vehicle VEH-AA99CADF.,72.0
LNK-0BFCC808,SHIPMENT,SHP-120F9E78,SHIPMENT,SHP-D19CCB5A,SHARED_VEHICLE,75.0,Both shipments used vehicle VEH-AEAA3C74.,72.0
LNK-92135094,SHIPMENT,SHP-120F9E78,SHIPMENT,SHP-2E9A5CB3,SHARED_VEHICLE,75.0,Both shipments used vehicle VEH-AEAA3C74.,72.0
LNK-8125CF5D,SHIPMENT,SHP-120F9E78,SHIPMENT,SHP-FA078696,SHARED_VEHICLE,75.0,Both shipments used vehicle VEH-AEAA3C74.,72.0
LNK-BD59B4A4,SHIPMENT,SHP-D19CCB5A,SHIPMENT,SHP-2E9A5CB3,SHARED_VEHICLE,75.0,Both shipments used vehicle VEH-AEAA3C74.,72.0
LNK-23E5F074,SHIPMENT,SHP-96435D83,SHIPMENT,SHP-08F05C9A,SHARED_VEHICLE,75.0,Both shipments used vehicle VEH-B4220363.,72.0
LNK-B8DD525D,SHIPMENT,SHP-96435D83,SHIPMENT,SHP-4C455CB0,SHARED_VEHICLE,75.0,Both shipments used vehicle VEH-B4220363.,72.0
LNK-74ACF543,SHIPMENT,SHP-96435D83,SHIPMENT,SHP-C54D411D,SHARED_VEHICLE,75.0,Both shipments used vehicle VEH-B4220363.,72.0
LNK-F71FC1F6,SHIPMENT,SHP-96435D83,SHIPMENT,SHP-1601EBD8,SHARED_VEHICLE,75.0,Both shipments used vehicle VEH-B4220363.,72.0
LNK-FB0AE92E,SHIPMENT,SHP-A96B4615,SHIPMENT,SHP-52C10382,SHARED_VEHICLE,75.0,Both shipments used vehicle VEH-B5D8E814.,72.0
LNK-DC0C20D9,SHIPMENT,SHP-A96B4615,SHIPMENT,SHP-F9F219EF,SHARED_VEHICLE,75.0,Both shipments used vehicle VEH-B5D8E814.,72.0
LNK-40FA9B6E,SHIPMENT,SHP-A96B4615,SHIPMENT,SHP-0BBF51D8,SHARED_VEHICLE,75.0,Both shipments used vehicle VEH-B5D8E814.,72.0
LNK-AE552883,SHIPMENT,SHP-A96B4615,SHIPMENT,SHP-5459D155,SHARED_VEHICLE,75.0,Both shipments used vehicle VEH-B5D8E814.,72.0
LNK-0E21FE3C,SHIPMENT,SHP-42B8D449,SHIPMENT,SHP-00AF7594,SHARED_VEHICLE,75.0,Both shipments used vehicle VEH-B9296496.,72.0
LNK-B20B31F6,SHIPMENT,SHP-42B8D449,SHIPMENT,SHP-CC4E6DD2,SHARED_VEHICLE,75.0,Both shipments used vehicle VEH-B9296496.,72.0
LNK-170F780D,SHIPMENT,SHP-00AF7594,SHIPMENT,SHP-CC4E6DD2,SHARED_VEHICLE,75.0,Both shipments used vehicle VEH-B9296496.,72.0
LNK-FD920487,SHIPMENT,SHP-F93D8396,SHIPMENT,SHP-4CF1CE63,SHARED_VEHICLE,75.0,Both shipments used vehicle VEH-BA81F106.,72.0
LNK-8D0EE4C5,SHIPMENT,SHP-F93D8396,SHIPMENT,SHP-33A77D7F,SHARED_VEHICLE,75.0,Both shipments used vehicle VEH-BA81F106.,72.0
LNK-6056FE1D,SHIPMENT,SHP-F93D8396,SHIPMENT,SHP-C3F07211,SHARED_VEHICLE,75.0,Both shipments used vehicle VEH-BA81F106.,72.0
LNK-3D24F472,SHIPMENT,SHP-F93D8396,SHIPMENT,SHP-1ADA3D2B,SHARED_VEHICLE,75.0,Both shipments used vehicle VEH-BA81F106.,72.0
LNK-075A2FA6,SHIPMENT,SHP-342DBA69,SHIPMENT,SHP-5C597A78,SHARED_VEHICLE,75.0,Both shipments used vehicle VEH-BDB5EE5C.,72.0
LNK-9B80C5FF,SHIPMENT,SHP-4CB8D98C,SHIPMENT,SHP-8EE221E1,SHARED_VEHICLE,75.0,Both shipments used vehicle VEH-C5004365.,72.0
LNK-33974B66,SHIPMENT,SHP-4CB8D98C,SHIPMENT,SHP-9B4B6663,SHARED_VEHICLE,75.0,Both shipments used vehicle VEH-C5004365.,72.0
LNK-3CBCCA0D,SHIPMENT,SHP-4CB8D98C,SHIPMENT,SHP-E5FF13AF,SHARED_VEHICLE,75.0,Both shipments used vehicle VEH-C5004365.,72.0
LNK-024ED48C,SHIPMENT,SHP-4CB8D98C,SHIPMENT,SHP-FF07E7DD,SHARED_VEHICLE,75.0,Both shipments used vehicle VEH-C5004365.,72.0
LNK-39BAC70A,SHIPMENT,SHP-0F340728,SHIPMENT,SHP-C5FC7D4E,SHARED_VEHICLE,75.0,Both shipments used vehicle VEH-C9C4D321.,72.0
LNK-767B5E26,SHIPMENT,SHP-019B6CE3,SHIPMENT,SHP-A99E072C,SHARED_VEHICLE,75.0,Both shipments used vehicle VEH-CA86CAF6.,72.0
LNK-8C97C3D9,SHIPMENT,SHP-019B6CE3,SHIPMENT,SHP-735BE970,SHARED_VEHICLE,75.0,Both shipments used vehicle VEH-CA86CAF6.,72.0
LNK-83EC645E,SHIPMENT,SHP-A99E072C,SHIPMENT,SHP-735BE970,SHARED_VEHICLE,75.0,Both shipments used vehicle VEH-CA86CAF6.,72.0
LNK-B520712F,SHIPMENT,SHP-54BFC863,SHIPMENT,SHP-C45D299C,SHARED_VEHICLE,75.0,Both shipments used vehicle VEH-CAE2C79F.,72.0
LNK-8483B291,SHIPMENT,SHP-49BB104A,SHIPMENT,SHP-B129FA13,SHARED_VEHICLE,75.0,Both shipments used vehicle VEH-CE1D2BF3.,72.0
LNK-704E06A8,SHIPMENT,SHP-49BB104A,SHIPMENT,SHP-769C5122,SHARED_VEHICLE,75.0,Both shipments used vehicle VEH-CE1D2BF3.,72.0
LNK-BE97008E,SHIPMENT,SHP-49BB104A,SHIPMENT,SHP-58B5EE00,SHARED_VEHICLE,75.0,Both shipments used vehicle VEH-CE1D2BF3.,72.0
LNK-1A83D10B,SHIPMENT,SHP-B129FA13,SHIPMENT,SHP-769C5122,SHARED_VEHICLE,75.0,Both shipments used vehicle VEH-CE1D2BF3.,72.0
LNK-3FD60FEE,SHIPMENT,SHP-09B41CF2,SHIPMENT,SHP-51692065,SHARED_VEHICLE,75.0,Both shipments used vehicle VEH-CE4C3B2A.,72.0
LNK-8EF01B4B,SHIPMENT,SHP-09B41CF2,SHIPMENT,SHP-032115C8,SHARED_VEHICLE,75.0,Both shipments used vehicle VEH-CE4C3B2A.,72.0
LNK-7A7A46CB,SHIPMENT,SHP-09B41CF2,SHIPMENT,SHP-DC66FF5B,SHARED_VEHICLE,75.0,Both shipments used vehicle VEH-CE4C3B2A.,72.0
LNK-9DA4F0E1,SHIPMENT,SHP-09B41CF2,SHIPMENT,SHP-FF445DCC,SHARED_VEHICLE,75.0,Both shipments used vehicle VEH-CE4C3B2A.,72.0
LNK-20821968,SHIPMENT,SHP-BAEB165D,SHIPMENT,SHP-3A949193,SHARED_VEHICLE,75.0,Both shipments used vehicle VEH-CF6FE00C.,72.0
LNK-5B0A2C24,SHIPMENT,SHP-BAEB165D,SHIPMENT,SHP-345CB30B,SHARED_VEHICLE,75.0,Both shipments used vehicle VEH-CF6FE00C.,72.0
LNK-94DDE431,SHIPMENT,SHP-BAEB165D,SHIPMENT,SHP-E9A93701,SHARED_VEHICLE,75.0,Both shipments used vehicle VEH-CF6FE00C.,72.0
LNK-67056E5C,SHIPMENT,SHP-BAEB165D,SHIPMENT,SHP-9B2807C0,SHARED_VEHICLE,75.0,Both shipments used vehicle VEH-CF6FE00C.,72.0
LNK-DE811AFF,SHIPMENT,SHP-DE4B5474,SHIPMENT,SHP-7E40A6A5,SHARED_VEHICLE,75.0,Both shipments used vehicle VEH-D1F669CE.,72.0
LNK-D10A927F,SHIPMENT,SHP-DE4B5474,SHIPMENT,SHP-6CB9CADF,SHARED_VEHICLE,75.0,Both shipments used vehicle VEH-D1F669CE.,72.0
LNK-2162C75B,SHIPMENT,SHP-DE4B5474,SHIPMENT,SHP-7070B5DE,SHARED_VEHICLE,75.0,Both shipments used vehicle VEH-D1F669CE.,72.0
LNK-3746E1F3,SHIPMENT,SHP-DE4B5474,SHIPMENT,SHP-03A17425,SHARED_VEHICLE,75.0,Both shipments used vehicle VEH-D1F669CE.,72.0
LNK-2F74387D,SHIPMENT,SHP-42E38DD4,SHIPMENT,SHP-4F4C8F3E,SHARED_VEHICLE,75.0,Both shipments used vehicle VEH-D7A1FC4E.,72.0
LNK-161426D3,SHIPMENT,SHP-42E38DD4,SHIPMENT,SHP-F5A6E640,SHARED_VEHICLE,75.0,Both shipments used vehicle VEH-D7A1FC4E.,72.0
LNK-6001E568,SHIPMENT,SHP-42E38DD4,SHIPMENT,SHP-8023A8A5,SHARED_VEHICLE,75.0,Both shipments used vehicle VEH-D7A1FC4E.,72.0
LNK-25761BC7,SHIPMENT,SHP-42E38DD4,SHIPMENT,SHP-02348E9D,SHARED_VEHICLE,75.0,Both shipments used vehicle VEH-D7A1FC4E.,72.0
LNK-5645F544,SHIPMENT,SHP-4A6DC090,SHIPMENT,SHP-F58D170A,SHARED_VEHICLE,75.0,Both shipments used vehicle VEH-DUP-000.,72.0
LNK-9AEF440C,SHIPMENT,SHP-4A6DC090,SHIPMENT,SHP-7EB72CFD,SHARED_VEHICLE,75.0,Both shipments used vehicle VEH-DUP-000.,72.0
LNK-AB880DD0,SHIPMENT,SHP-4A6DC090,SHIPMENT,SHP-B949244A,SHARED_VEHICLE,75.0,Both shipments used vehicle VEH-DUP-000.,72.0
LNK-EED982B5,SHIPMENT,SHP-4A6DC090,SHIPMENT,SHP-16B26C5C,SHARED_VEHICLE,75.0,Both shipments used vehicle VEH-DUP-000.,72.0
LNK-04378EC4,SHIPMENT,SHP-CF55BC6D,SHIPMENT,SHP-707DCC60,SHARED_VEHICLE,75.0,Both shipments used vehicle VEH-DUP-001.,72.0
LNK-081729B0,SHIPMENT,SHP-CF55BC6D,SHIPMENT,SHP-FDAB9DE9,SHARED_VEHICLE,75.0,Both shipments used vehicle VEH-DUP-001.,72.0
LNK-E732AD04,SHIPMENT,SHP-CF55BC6D,SHIPMENT,SHP-84E1A3D6,SHARED_VEHICLE,75.0,Both shipments used vehicle VEH-DUP-001.,72.0
LNK-67102803,SHIPMENT,SHP-CF55BC6D,SHIPMENT,SHP-F37B2008,SHARED_VEHICLE,75.0,Both shipments used vehicle VEH-DUP-001.,72.0
LNK-5A699764,SHIPMENT,SHP-4D4F159E,SHIPMENT,SHP-DF6C8700,SHARED_VEHICLE,75.0,Both shipments used vehicle VEH-DUP-002.,72.0
LNK-952EA4C7,SHIPMENT,SHP-4D4F159E,SHIPMENT,SHP-3FE9C6B5,SHARED_VEHICLE,75.0,Both shipments used vehicle VEH-DUP-002.,72.0
LNK-8A226556,SHIPMENT,SHP-4D4F159E,SHIPMENT,SHP-C348BDD1,SHARED_VEHICLE,75.0,Both shipments used vehicle VEH-DUP-002.,72.0
LNK-03665D57,SHIPMENT,SHP-4D4F159E,SHIPMENT,SHP-FF83ECAB,SHARED_VEHICLE,75.0,Both shipments used vehicle VEH-DUP-002.,72.0
LNK-217B8013,SHIPMENT,SHP-753ABA9B,SHIPMENT,SHP-C10B5F31,SHARED_VEHICLE,75.0,Both shipments used vehicle VEH-DUP-010.,72.0
LNK-BFB0A600,SHIPMENT,SHP-753ABA9B,SHIPMENT,SHP-E45F80E9,SHARED_VEHICLE,75.0,Both shipments used vehicle VEH-DUP-010.,72.0
LNK-0EB56CA1,SHIPMENT,SHP-C10B5F31,SHIPMENT,SHP-E45F80E9,SHARED_VEHICLE,75.0,Both shipments used vehicle VEH-DUP-010.,72.0
LNK-4F3B2650,SHIPMENT,SHP-6BD0F7FC,SHIPMENT,SHP-7302810F,SHARED_VEHICLE,75.0,Both shipments used vehicle VEH-DUP-011.,72.0
LNK-45D576B2,SHIPMENT,SHP-6BD0F7FC,SHIPMENT,SHP-066B7052,SHARED_VEHICLE,75.0,Both shipments used vehicle VEH-DUP-011.,72.0
LNK-81368D8E,SHIPMENT,SHP-6BD0F7FC,SHIPMENT,SHP-BD292C40,SHARED_VEHICLE,75.0,Both shipments used vehicle VEH-DUP-011.,72.0
LNK-E038895A,SHIPMENT,SHP-6BD0F7FC,SHIPMENT,SHP-AF854377,SHARED_VEHICLE,75.0,Both shipments used vehicle VEH-DUP-011.,72.0
LNK-67D3916B,SHIPMENT,SHP-79ED8BC7,SHIPMENT,SHP-DA2D46E8,SHARED_VEHICLE,75.0,Both shipments used vehicle VEH-DUP-012.,72.0
LNK-EC4920C3,SHIPMENT,SHP-79ED8BC7,SHIPMENT,SHP-01C9FE0C,SHARED_VEHICLE,75.0,Both shipments used vehicle VEH-DUP-012.,72.0
LNK-19DA4B06,SHIPMENT,SHP-79ED8BC7,SHIPMENT,SHP-F3A0F335,SHARED_VEHICLE,75.0,Both shipments used vehicle VEH-DUP-012.,72.0
LNK-5D2AFDC0,SHIPMENT,SHP-79ED8BC7,SHIPMENT,SHP-B7375EF5,SHARED_VEHICLE,75.0,Both shipments used vehicle VEH-DUP-012.,72.0
LNK-75D4D401,SHIPMENT,SHP-A3144CB6,SHIPMENT,SHP-9D6D22AB,SHARED_VEHICLE,75.0,Both shipments used vehicle VEH-DUP-020.,72.0
LNK-8F693E98,SHIPMENT,SHP-A3144CB6,SHIPMENT,SHP-C97A9675,SHARED_VEHICLE,75.0,Both shipments used vehicle VEH-DUP-020.,72.0
LNK-472C7A44,SHIPMENT,SHP-A3144CB6,SHIPMENT,SHP-F2F5E0AF,SHARED_VEHICLE,75.0,Both shipments used vehicle VEH-DUP-020.,72.0
LNK-54DD527F,SHIPMENT,SHP-A3144CB6,SHIPMENT,SHP-D8F1E3CB,SHARED_VEHICLE,75.0,Both shipments used vehicle VEH-DUP-020.,72.0
LNK-95A29DDE,SHIPMENT,SHP-6B08364B,SHIPMENT,SHP-1662F215,SHARED_VEHICLE,75.0,Both shipments used vehicle VEH-DUP-022.,72.0
LNK-F91BF595,SHIPMENT,SHP-6B08364B,SHIPMENT,SHP-FDE45355,SHARED_VEHICLE,75.0,Both shipments used vehicle VEH-DUP-022.,72.0
LNK-175602AD,SHIPMENT,SHP-6B08364B,SHIPMENT,SHP-3E380296,SHARED_VEHICLE,75.0,Both shipments used vehicle VEH-DUP-022.,72.0
LNK-BA9D7C09,SHIPMENT,SHP-6B08364B,SHIPMENT,SHP-20748248,SHARED_VEHICLE,75.0,Both shipments used vehicle VEH-DUP-022.,72.0
LNK-F0C3283C,SHIPMENT,SHP-8E7FE940,SHIPMENT,SHP-D33DD95F,SHARED_VEHICLE,75.0,Both shipments used vehicle VEH-DUP-030.,72.0
LNK-11764E9E,SHIPMENT,SHP-8E7FE940,SHIPMENT,SHP-D0D71A26,SHARED_VEHICLE,75.0,Both shipments used vehicle VEH-DUP-030.,72.0
LNK-EAED0990,SHIPMENT,SHP-8E7FE940,SHIPMENT,SHP-8E16AA06,SHARED_VEHICLE,75.0,Both shipments used vehicle VEH-DUP-030.,72.0
LNK-F96A6998,SHIPMENT,SHP-8E7FE940,SHIPMENT,SHP-82B2D615,SHARED_VEHICLE,75.0,Both shipments used vehicle VEH-DUP-030.,72.0
LNK-164EB629,SHIPMENT,SHP-9537A80C,SHIPMENT,SHP-8453E66D,SHARED_VEHICLE,75.0,Both shipments used vehicle VEH-DUP-031.,72.0
LNK-45109E87,SHIPMENT,SHP-9537A80C,SHIPMENT,SHP-FD54F1F2,SHARED_VEHICLE,75.0,Both shipments used vehicle VEH-DUP-031.,72.0
LNK-5AB1DF45,SHIPMENT,SHP-9537A80C,SHIPMENT,SHP-8561C5A1,SHARED_VEHICLE,75.0,Both shipments used vehicle VEH-DUP-031.,72.0
LNK-D1CBB646,SHIPMENT,SHP-9537A80C,SHIPMENT,SHP-47F0F468,SHARED_VEHICLE,75.0,Both shipments used vehicle VEH-DUP-031.,72.0
LNK-E2F0F0A4,SHIPMENT,SHP-16AC1D68,SHIPMENT,SHP-1A1ADE18,SHARED_VEHICLE,75.0,Both shipments used vehicle VEH-DUP-032.,72.0
LNK-28924153,SHIPMENT,SHP-16AC1D68,SHIPMENT,SHP-0741375C,SHARED_VEHICLE,75.0,Both shipments used vehicle VEH-DUP-032.,72.0
LNK-A90A8F70,SHIPMENT,SHP-16AC1D68,SHIPMENT,SHP-5D42D6A0,SHARED_VEHICLE,75.0,Both shipments used vehicle VEH-DUP-032.,72.0
LNK-35326E0F,SHIPMENT,SHP-16AC1D68,SHIPMENT,SHP-432636AE,SHARED_VEHICLE,75.0,Both shipments used vehicle VEH-DUP-032.,72.0
LNK-F596092C,SHIPMENT,SHP-9FE1CB00,SHIPMENT,SHP-6A8D2226,SHARED_VEHICLE,75.0,Both shipments used vehicle VEH-DUP-040.,72.0
LNK-82BD64CB,SHIPMENT,SHP-465619F4,SHIPMENT,SHP-A4A1B799,SHARED_VEHICLE,75.0,Both shipments used vehicle VEH-DUP-041.,72.0
LNK-65A184DD,SHIPMENT,SHP-465619F4,SHIPMENT,SHP-AFB705AD,SHARED_VEHICLE,75.0,Both shipments used vehicle VEH-DUP-041.,72.0
LNK-5D1985FC,SHIPMENT,SHP-465619F4,SHIPMENT,SHP-1EA398BC,SHARED_VEHICLE,75.0,Both shipments used vehicle VEH-DUP-041.,72.0
LNK-C8E73413,SHIPMENT,SHP-A4A1B799,SHIPMENT,SHP-AFB705AD,SHARED_VEHICLE,75.0,Both shipments used vehicle VEH-DUP-041.,72.0
LNK-5C03DF44,SHIPMENT,SHP-A06F116A,SHIPMENT,SHP-E7990B55,SHARED_VEHICLE,75.0,Both shipments used vehicle VEH-DUP-042.,72.0
LNK-A77B7B48,SHIPMENT,SHP-A06F116A,SHIPMENT,SHP-2A15FD0A,SHARED_VEHICLE,75.0,Both shipments used vehicle VEH-DUP-042.,72.0
LNK-849074D0,SHIPMENT,SHP-E7990B55,SHIPMENT,SHP-2A15FD0A,SHARED_VEHICLE,75.0,Both shipments used vehicle VEH-DUP-042.,72.0
LNK-7072581B,SHIPMENT,SHP-ED2AB82B,SHIPMENT,SHP-50A39D37,SHARED_VEHICLE,75.0,Both shipments used vehicle VEH-E02E6FFD.,72.0
LNK-E8283006,SHIPMENT,SHP-ED2AB82B,SHIPMENT,SHP-74F52C2B,SHARED_VEHICLE,75.0,Both shipments used vehicle VEH-E02E6FFD.,72.0
LNK-5C871702,SHIPMENT,SHP-50A39D37,SHIPMENT,SHP-74F52C2B,SHARED_VEHICLE,75.0,Both shipments used vehicle VEH-E02E6FFD.,72.0
LNK-FE2B4354,SHIPMENT,SHP-09C56BB0,SHIPMENT,SHP-D996A769,SHARED_VEHICLE,75.0,Both shipments used vehicle VEH-E732151D.,72.0
LNK-99E41A86,SHIPMENT,SHP-09C56BB0,SHIPMENT,SHP-4562AC49,SHARED_VEHICLE,75.0,Both shipments used vehicle VEH-E732151D.,72.0
LNK-CB770AA3,SHIPMENT,SHP-D996A769,SHIPMENT,SHP-4562AC49,SHARED_VEHICLE,75.0,Both shipments used vehicle VEH-E732151D.,72.0
LNK-70011C01,SHIPMENT,SHP-DF886655,SHIPMENT,SHP-1D1BB5F4,SHARED_VEHICLE,75.0,Both shipments used vehicle VEH-E779DE2C.,72.0
LNK-CC59902B,SHIPMENT,SHP-DF886655,SHIPMENT,SHP-1BA3614E,SHARED_VEHICLE,75.0,Both shipments used vehicle VEH-E779DE2C.,72.0
LNK-ED10564E,SHIPMENT,SHP-DF886655,SHIPMENT,SHP-BB235BC8,SHARED_VEHICLE,75.0,Both shipments used vehicle VEH-E779DE2C.,72.0
LNK-05D6941F,SHIPMENT,SHP-42C4BEC1,SHIPMENT,SHP-90878D67,SHARED_VEHICLE,75.0,Both shipments used vehicle VEH-0051BCB6.,72.0
LNK-333C5DEB,SHIPMENT,SHP-33C1D724,SHIPMENT,SHP-9BC9130E,SHARED_VEHICLE,75.0,Both shipments used vehicle VEH-FC911057.,72.0
LNK-1F9BEBC0,SHIPMENT,SHP-33C1D724,SHIPMENT,SHP-93670319,SHARED_VEHICLE,75.0,Both shipments used vehicle VEH-FC911057.,72.0
LNK-5A955913,SHIPMENT,SHP-74A5F0C1,SHIPMENT,SHP-42394846,SHARED_VEHICLE,75.0,Both shipments used vehicle VEH-F57142D5.,72.0
LNK-80D6B267,SHIPMENT,SHP-74A5F0C1,SHIPMENT,SHP-1EA18D91,SHARED_VEHICLE,75.0,Both shipments used vehicle VEH-F57142D5.,72.0
LNK-37EE3E7A,SHIPMENT,SHP-42394846,SHIPMENT,SHP-1EA18D91,SHARED_VEHICLE,75.0,Both shipments used vehicle VEH-F57142D5.,72.0
LNK-A57E3557,SHIPMENT,SHP-1D03FA80,SHIPMENT,SHP-F2D2AF8E,SHARED_VEHICLE,75.0,Both shipments used vehicle VEH-F7F36C05.,72.0
LNK-D8127FC3,SHIPMENT,SHP-1D03FA80,SHIPMENT,SHP-D6228EB3,SHARED_VEHICLE,75.0,Both shipments used vehicle VEH-F7F36C05.,72.0
LNK-06DA426B,SHIPMENT,SHP-1D03FA80,SHIPMENT,SHP-CA66F8C1,SHARED_VEHICLE,75.0,Both shipments used vehicle VEH-F7F36C05.,72.0
LNK-FE89F361,SHIPMENT,SHP-1D03FA80,SHIPMENT,SHP-5784FB8F,SHARED_VEHICLE,75.0,Both shipments used vehicle VEH-F7F36C05.,72.0
LNK-EBD21C43,SHIPMENT,SHP-CF53859D,SHIPMENT,SHP-06289CA1,SHARED_VEHICLE,75.0,Both shipments used vehicle VEH-F95FA7A4.,72.0
LNK-41A347F3,SHIPMENT,SHP-CF53859D,SHIPMENT,SHP-3E5E57E8,SHARED_VEHICLE,75.0,Both shipments used vehicle VEH-F95FA7A4.,72.0
LNK-F09510A6,SHIPMENT,SHP-CF53859D,SHIPMENT,SHP-8E014C58,SHARED_VEHICLE,75.0,Both shipments used vehicle VEH-F95FA7A4.,72.0
LNK-AFE75BF0,SHIPMENT,SHP-CF53859D,SHIPMENT,SHP-B65D3AA1,SHARED_VEHICLE,75.0,Both shipments used vehicle VEH-F95FA7A4.,72.0
LNK-6417B368,SHIPMENT,SHP-EDA335C6,SHIPMENT,SHP-5454831B,SHARED_VEHICLE,75.0,Both shipments used vehicle VEH-FACD8AF3.,72.0
LNK-1363F8E5,SHIPMENT,SHP-33C1D724,SHIPMENT,SHP-34AF2596,SHARED_VEHICLE,75.0,Both shipments used vehicle VEH-FC911057.,72.0
LNK-CBA1456A,SHIPMENT,SHP-FE3FC439,SHIPMENT,SHP-BE1B4FF4,SHARED_VEHICLE,75.0,Both shipments used vehicle VEH-0D3D5473.,72.0
LNK-1E5EDF25,SHIPMENT,SHP-EE39978E,SHIPMENT,SHP-7D5CD8D3,SHARED_VEHICLE,75.0,Both shipments used vehicle VEH-16615E5D.,72.0
LNK-C400F221,SHIPMENT,SHP-EE39978E,SHIPMENT,SHP-0BC2DAF5,SHARED_VEHICLE,75.0,Both shipments used vehicle VEH-16615E5D.,72.0
LNK-54FBC57F,SHIPMENT,SHP-EE39978E,SHIPMENT,SHP-E0BF69A2,SHARED_VEHICLE,75.0,Both shipments used vehicle VEH-16615E5D.,72.0
LNK-AFDA6CF5,SHIPMENT,SHP-7D5CD8D3,SHIPMENT,SHP-0BC2DAF5,SHARED_VEHICLE,75.0,Both shipments used vehicle VEH-16615E5D.,72.0
LNK-95FAAFA5,SHIPMENT,SHP-E2ACDF8E,SHIPMENT,SHP-9394A857,SHARED_VEHICLE,75.0,Both shipments used vehicle VEH-17A9FDFD.,72.0
LNK-84170D2E,SHIPMENT,SHP-E2ACDF8E,SHIPMENT,SHP-E73CFE3D,SHARED_VEHICLE,75.0,Both shipments used vehicle VEH-17A9FDFD.,72.0
LNK-DBA22379,SHIPMENT,SHP-E2ACDF8E,SHIPMENT,SHP-BA3C8B79,SHARED_VEHICLE,75.0,Both shipments used vehicle VEH-17A9FDFD.,72.0
LNK-6C1BACA2,SHIPMENT,SHP-E2ACDF8E,SHIPMENT,SHP-A16BB2FC,SHARED_VEHICLE,75.0,Both shipments used vehicle VEH-17A9FDFD.,72.0
LNK-FA0D14B8,SHIPMENT,SHP-E1AD802A,SHIPMENT,SHP-A016AF29,SHARED_VEHICLE,75.0,Both shipments used vehicle VEH-1A06A5E8.,72.0
LNK-1E10602A,SHIPMENT,SHP-8E1810B8,SHIPMENT,SHP-160559C9,SHARED_VEHICLE,75.0,Both shipments used vehicle VEH-2B492B5D.,72.0
LNK-BD7E5154,SHIPMENT,SHP-8E1810B8,SHIPMENT,SHP-CED9D674,SHARED_VEHICLE,75.0,Both shipments used vehicle VEH-2B492B5D.,72.0
LNK-61FF660D,SHIPMENT,SHP-8E1810B8,SHIPMENT,SHP-BADEC253,SHARED_VEHICLE,75.0,Both shipments used vehicle VEH-2B492B5D.,72.0
LNK-AA6875CE,SHIPMENT,SHP-8E1810B8,SHIPMENT,SHP-88CB119C,SHARED_VEHICLE,75.0,Both shipments used vehicle VEH-2B492B5D.,72.0
LNK-DA505749,SHIPMENT,SHP-FA91465E,SHIPMENT,SHP-D2AFBA8D,SHARED_VEHICLE,75.0,Both shipments used vehicle VEH-3030EB47.,72.0
LNK-D960AC4A,SHIPMENT,SHP-FA91465E,SHIPMENT,SHP-F9753D9E,SHARED_VEHICLE,75.0,Both shipments used vehicle VEH-3030EB47.,72.0
LNK-B145EC0A,INCIDENT,INC-FB88CEDA,INCIDENT,INC-1DDB2C11,TEMPORAL_OVERLAP,70.0,"Same route, 0-day temporal proximity.",70.0
LNK-7C6C9E89,INCIDENT,INC-FE8EFEF7,INCIDENT,INC-9FEDC9C2,TEMPORAL_OVERLAP,70.0,"Same route, 5-day temporal proximity.",70.0
LNK-9E9EB949,INCIDENT,INC-ADB724B1,INCIDENT,INC-4CC681DB,TEMPORAL_OVERLAP,70.0,"Same route, 6-day temporal proximity.",70.0
LNK-5E89DD9E,INCIDENT,INC-60B97CF6,INCIDENT,INC-403FDB4C,TEMPORAL_OVERLAP,70.0,"Same route, 2-day temporal proximity.",70.0
LNK-F6A9415E,INCIDENT,INC-60B97CF6,INCIDENT,INC-8701EC71,TEMPORAL_OVERLAP,70.0,"Same route, 1-day temporal proximity.",70.0
LNK-BA024CF8,INCIDENT,INC-28275C25,INCIDENT,INC-83C84C75,TEMPORAL_OVERLAP,70.0,"Same route, 1-day temporal proximity.",70.0
LNK-0809B23B,INCIDENT,INC-431E4BE0,INCIDENT,INC-FF21C80A,TEMPORAL_OVERLAP,70.0,"Same route, 1-day temporal proximity.",70.0
LNK-3C7EAC93,INCIDENT,INC-30BA3CAE,INCIDENT,INC-BE5B30E7,TEMPORAL_OVERLAP,70.0,"Same route, 0-day temporal proximity.",70.0
LNK-98072252,INCIDENT,INC-A87B0AD0,INCIDENT,INC-BE5B30E7,TEMPORAL_OVERLAP,70.0,"Same route, 6-day temporal proximity.",70.0
LNK-5FA0D98A,INCIDENT,INC-18B3A5B0,INCIDENT,INC-17AA367E,TEMPORAL_OVERLAP,70.0,"Same route, 9-day temporal proximity.",70.0
LNK-5CA687AB,INCIDENT,INC-E52BE33F,INCIDENT,INC-37FAC3CA,TEMPORAL_OVERLAP,70.0,"Same route, 11-day temporal proximity.",70.0
LNK-F67BBF0E,INCIDENT,INC-2C70FAE0,INCIDENT,INC-C23A7161,TEMPORAL_OVERLAP,70.0,"Same route, 10-day temporal proximity.",70.0
LNK-FE075CCD,INCIDENT,INC-FE66FC1A,INCIDENT,INC-C23A7161,TEMPORAL_OVERLAP,70.0,"Same route, 11-day temporal proximity.",70.0
LNK-6C1FD96A,INCIDENT,INC-FE66FC1A,INCIDENT,INC-2C70FAE0,TEMPORAL_OVERLAP,70.0,"Same route, 1-day temporal proximity.",70.0
LNK-3E2FE604,INCIDENT,INC-3911A5DD,INCIDENT,INC-D7628F86,TEMPORAL_OVERLAP,70.0,"Same route, 8-day temporal proximity.",70.0
LNK-9DCD778D,INCIDENT,INC-94B20477,INCIDENT,INC-C34BD297,TEMPORAL_OVERLAP,70.0,"Same route, 8-day temporal proximity.",70.0
LNK-ED617F08,INCIDENT,INC-8A267DEE,INCIDENT,INC-00274222,TEMPORAL_OVERLAP,70.0,"Same route, 8-day temporal proximity.",70.0
LNK-33289E32,INCIDENT,INC-0900EA33,INCIDENT,INC-3B76D32D,TEMPORAL_OVERLAP,70.0,"Same route, 3-day temporal proximity.",70.0
LNK-C2C8DE37,INCIDENT,INC-1E7A6C43,INCIDENT,INC-93B3BAA0,TEMPORAL_OVERLAP,70.0,"Same route, 13-day temporal proximity.",70.0
LNK-6F9C92FC,INCIDENT,INC-1E7A6C43,INCIDENT,INC-8C43E7FC,TEMPORAL_OVERLAP,70.0,"Same route, 1-day temporal proximity.",70.0
LNK-1BACC420,INCIDENT,INC-1798C080,INCIDENT,INC-9F6FAE88,TEMPORAL_OVERLAP,70.0,"Same route, 8-day temporal proximity.",70.0
LNK-38143051,INCIDENT,INC-F3E7C448,INCIDENT,INC-C435FC84,TEMPORAL_OVERLAP,70.0,"Same route, 2-day temporal proximity.",70.0
LNK-7944A6BC,INCIDENT,INC-AE29A212,INCIDENT,INC-F3E7C448,TEMPORAL_OVERLAP,70.0,"Same route, 4-day temporal proximity.",70.0
LNK-0424CBC1,INCIDENT,INC-78AFF1CC,INCIDENT,INC-EEE150DB,TEMPORAL_OVERLAP,70.0,"Same route, 12-day temporal proximity.",70.0
LNK-8750F8C8,INCIDENT,INC-4A1D04B0,INCIDENT,INC-78AFF1CC,TEMPORAL_OVERLAP,70.0,"Same route, 10-day temporal proximity.",70.0
LNK-D4E7BBFF,INCIDENT,INC-F0F43572,INCIDENT,INC-4A1D04B0,TEMPORAL_OVERLAP,70.0,"Same route, 3-day temporal proximity.",70.0
LNK-DF65CC66,INCIDENT,INC-B3F13D55,INCIDENT,INC-48A7B2CB,TEMPORAL_OVERLAP,70.0,"Same route, 1-day temporal proximity.",70.0
LNK-A3E73CE3,ACTOR,ACT-DUP-0003,ACTOR,ACT-DUP-0004,ENTITY_MATCH,77.5,"Similar name (75%); Same nationality (Indian); Same region (Tamil Nadu); Shared corridor (Chennai Port–Mombasa, Visakhapatnam–Mombasa)",69.75
LNK-485799F1,ACTOR,ACT-DUP-0007,ACTOR,ACT-DUP-0008,ENTITY_MATCH,76.8,"Similar name (72%); Same nationality (Kenyan); Same region (Kenya); Shared corridor (Chennai Port–Mombasa, Kochi Port–Dar es Salaam)",69.12
LNK-900836C0,ACTOR,ACT-7353F8D0,ACTOR,ACT-0BE618C7,ENTITY_MATCH,74.93,Similar name (71%); Similar alias (81%); Same region (Tanzania); Shared corridor (Mumbai Port–Dar es Salaam),67.44
LNK-F9820CD5,ACTOR,ACT-0D3A69A7,ACTOR,ACT-3EC2CAB2,ENTITY_MATCH,73.3,Similar name (72%); Same nationality (Indian); Same region (West Bengal); Shared corridor (Kochi Port–Maputo),65.97
LNK-7D2CA7F9,INCIDENT,INC-EA003C6C,INCIDENT,INC-B7B4001A,SHARED_ROUTE,65.0,Both incidents recorded on route RTE-F51C2F2E.,65.0
LNK-D1A16F26,INCIDENT,INC-6FD8D1E2,INCIDENT,INC-494FEC72,SHARED_ROUTE,65.0,Both incidents recorded on route RTE-FDDFEF85.,65.0
LNK-77756A61,INCIDENT,INC-38A2513D,INCIDENT,INC-6FD8D1E2,SHARED_ROUTE,65.0,Both incidents recorded on route RTE-FDDFEF85.,65.0
LNK-BA9036A2,INCIDENT,INC-5E8DF0E8,INCIDENT,INC-9E289A1E,SHARED_ROUTE,65.0,Both incidents recorded on route RTE-FB4EE4BA.,65.0
LNK-2A7B05BC,INCIDENT,INC-5E8DF0E8,INCIDENT,INC-BD8D0EED,SHARED_ROUTE,65.0,Both incidents recorded on route RTE-FB4EE4BA.,65.0
LNK-8E9FBC74,INCIDENT,INC-73CA5741,INCIDENT,INC-E93DC79B,SHARED_ROUTE,65.0,Both incidents recorded on route RTE-F2391A9E.,65.0
LNK-9590328F,INCIDENT,INC-06F73824,INCIDENT,INC-7FA21422,SHARED_ROUTE,65.0,Both incidents recorded on route RTE-EFEFC83E.,65.0
LNK-FB13E618,INCIDENT,INC-503191E9,INCIDENT,INC-7FA21422,SHARED_ROUTE,65.0,Both incidents recorded on route RTE-EFEFC83E.,65.0
LNK-3054C6EC,INCIDENT,INC-503191E9,INCIDENT,INC-06F73824,SHARED_ROUTE,65.0,Both incidents recorded on route RTE-EFEFC83E.,65.0
LNK-89F821BD,INCIDENT,INC-3B7B78A7,INCIDENT,INC-7FA21422,SHARED_ROUTE,65.0,Both incidents recorded on route RTE-EFEFC83E.,65.0
LNK-817ACA54,INCIDENT,INC-3B7B78A7,INCIDENT,INC-06F73824,SHARED_ROUTE,65.0,Both incidents recorded on route RTE-EFEFC83E.,65.0
LNK-F677FE8D,INCIDENT,INC-3B7B78A7,INCIDENT,INC-503191E9,SHARED_ROUTE,65.0,Both incidents recorded on route RTE-EFEFC83E.,65.0
LNK-C2F4CA4D,INCIDENT,INC-1E296D61,INCIDENT,INC-84D99EB6,SHARED_ROUTE,65.0,Both incidents recorded on route RTE-EF6F0110.,65.0
LNK-15192DAB,INCIDENT,INC-D394A13C,INCIDENT,INC-0BE00279,SHARED_ROUTE,65.0,Both incidents recorded on route RTE-EF6F0110.,65.0
LNK-EB3CAC55,INCIDENT,INC-D394A13C,INCIDENT,INC-4CF654A6,SHARED_ROUTE,65.0,Both incidents recorded on route RTE-EF6F0110.,65.0
LNK-813ED2C7,INCIDENT,INC-D394A13C,INCIDENT,INC-322254E2,SHARED_ROUTE,65.0,Both incidents recorded on route RTE-EF6F0110.,65.0
LNK-4E91468C,INCIDENT,INC-5E8DF0E8,INCIDENT,INC-60F32002,SHARED_ROUTE,65.0,Both incidents recorded on route RTE-FB4EE4BA.,65.0
LNK-B36B1F61,INCIDENT,INC-5E8DF0E8,INCIDENT,INC-1D3F2B36,SHARED_ROUTE,65.0,Both incidents recorded on route RTE-FB4EE4BA.,65.0
LNK-60F79623,INCIDENT,INC-5E8DF0E8,INCIDENT,INC-01D7FC4F,SHARED_ROUTE,65.0,Both incidents recorded on route RTE-FB4EE4BA.,65.0
LNK-35229DD4,INCIDENT,INC-5E8DF0E8,INCIDENT,INC-F3B15553,SHARED_ROUTE,65.0,Both incidents recorded on route RTE-FB4EE4BA.,65.0
LNK-10ACD420,INCIDENT,INC-3A7D94EE,INCIDENT,INC-A5C21485,SHARED_ROUTE,65.0,Both incidents recorded on route RTE-F534A60F.,65.0
LNK-75AE7D2E,INCIDENT,INC-9B509137,INCIDENT,INC-7A465F5A,SHARED_ROUTE,65.0,Both incidents recorded on route RTE-E5F5E120.,65.0
LNK-04CA475A,INCIDENT,INC-B8872C0C,INCIDENT,INC-7A465F5A,SHARED_ROUTE,65.0,Both incidents recorded on route RTE-E5F5E120.,65.0
LNK-1AFE8B58,INCIDENT,INC-B8872C0C,INCIDENT,INC-9B509137,SHARED_ROUTE,65.0,Both incidents recorded on route RTE-E5F5E120.,65.0
LNK-3415206D,INCIDENT,INC-B5390996,INCIDENT,INC-71BCD2C8,SHARED_ROUTE,65.0,Both incidents recorded on route RTE-E316C151.,65.0
LNK-23868951,INCIDENT,INC-A1D80761,INCIDENT,INC-71BCD2C8,SHARED_ROUTE,65.0,Both incidents recorded on route RTE-E316C151.,65.0
LNK-5EA77D04,INCIDENT,INC-A1D80761,INCIDENT,INC-B5390996,SHARED_ROUTE,65.0,Both incidents recorded on route RTE-E316C151.,65.0
LNK-5402EAD8,INCIDENT,INC-63DF534D,INCIDENT,INC-90E24B50,SHARED_ROUTE,65.0,Both incidents recorded on route RTE-DD5236CF.,65.0
LNK-9B0C7075,INCIDENT,INC-94298C74,INCIDENT,INC-90E24B50,SHARED_ROUTE,65.0,Both incidents recorded on route RTE-DD5236CF.,65.0
LNK-B184922F,INCIDENT,INC-94298C74,INCIDENT,INC-63DF534D,SHARED_ROUTE,65.0,Both incidents recorded on route RTE-DD5236CF.,65.0
LNK-949BDEAF,INCIDENT,INC-10F165CA,INCIDENT,INC-90E24B50,SHARED_ROUTE,65.0,Both incidents recorded on route RTE-DD5236CF.,65.0
LNK-C1C2A7EA,INCIDENT,INC-10F165CA,INCIDENT,INC-63DF534D,SHARED_ROUTE,65.0,Both incidents recorded on route RTE-DD5236CF.,65.0
LNK-901EBFC3,INCIDENT,INC-15094649,INCIDENT,INC-910E86C3,SHARED_ROUTE,65.0,Both incidents recorded on route RTE-F2391A9E.,65.0
LNK-7D8C8B73,INCIDENT,INC-E93DC79B,INCIDENT,INC-910E86C3,SHARED_ROUTE,65.0,Both incidents recorded on route RTE-F2391A9E.,65.0
LNK-F1265D6A,INCIDENT,INC-E93DC79B,INCIDENT,INC-15094649,SHARED_ROUTE,65.0,Both incidents recorded on route RTE-F2391A9E.,65.0
LNK-29B614C9,INCIDENT,INC-73CA5741,INCIDENT,INC-910E86C3,SHARED_ROUTE,65.0,Both incidents recorded on route RTE-F2391A9E.,65.0
LNK-2F2BE438,INCIDENT,INC-73CA5741,INCIDENT,INC-15094649,SHARED_ROUTE,65.0,Both incidents recorded on route RTE-F2391A9E.,65.0
LNK-E4546D5B,INCIDENT,INC-146BDA30,INCIDENT,INC-822AF71E,SHARED_ROUTE,65.0,Both incidents recorded on route RTE-D5B7DEF5.,65.0
LNK-B51B7D0F,INCIDENT,INC-4832DCE1,INCIDENT,INC-8D8D900A,SHARED_ROUTE,65.0,Both incidents recorded on route RTE-D5B7DEF5.,65.0
LNK-C12177DB,INCIDENT,INC-4832DCE1,INCIDENT,INC-F9BF0F1F,SHARED_ROUTE,65.0,Both incidents recorded on route RTE-D5B7DEF5.,65.0
LNK-BB0B6A1F,INCIDENT,INC-4832DCE1,INCIDENT,INC-822AF71E,SHARED_ROUTE,65.0,Both incidents recorded on route RTE-D5B7DEF5.,65.0
LNK-9B7CC18E,INCIDENT,INC-4832DCE1,INCIDENT,INC-146BDA30,SHARED_ROUTE,65.0,Both incidents recorded on route RTE-D5B7DEF5.,65.0
LNK-0743BF2A,INCIDENT,INC-2E6A776F,INCIDENT,INC-33BF5D05,SHARED_ROUTE,65.0,Both incidents recorded on route RTE-D37D6F20.,65.0
LNK-41739090,INCIDENT,INC-2E6A776F,INCIDENT,INC-C23A7161,SHARED_ROUTE,65.0,Both incidents recorded on route RTE-D37D6F20.,65.0
LNK-7DB01F8C,INCIDENT,INC-2E6A776F,INCIDENT,INC-2C70FAE0,SHARED_ROUTE,65.0,Both incidents recorded on route RTE-D37D6F20.,65.0
LNK-F95BE673,INCIDENT,INC-2E6A776F,INCIDENT,INC-FE66FC1A,SHARED_ROUTE,65.0,Both incidents recorded on route RTE-D37D6F20.,65.0
LNK-974F8161,INCIDENT,INC-2E6A776F,INCIDENT,INC-063C1F2C,SHARED_ROUTE,65.0,Both incidents recorded on route RTE-D37D6F20.,65.0
LNK-93A2958B,INCIDENT,INC-2E6A776F,INCIDENT,INC-D7D8E05F,SHARED_ROUTE,65.0,Both incidents recorded on route RTE-D37D6F20.,65.0
LNK-DCC26555,INCIDENT,INC-D394A13C,INCIDENT,INC-84D99EB6,SHARED_ROUTE,65.0,Both incidents recorded on route RTE-EF6F0110.,65.0
LNK-9B7B6E54,INCIDENT,INC-D394A13C,INCIDENT,INC-1E296D61,SHARED_ROUTE,65.0,Both incidents recorded on route RTE-EF6F0110.,65.0
LNK-62896F20,INCIDENT,INC-F1B64D6B,INCIDENT,INC-50FDFD5C,SHARED_ROUTE,65.0,Both incidents recorded on route RTE-EA4FA88B.,65.0
LNK-FB042890,INCIDENT,INC-0D9BA78C,INCIDENT,INC-50FDFD5C,SHARED_ROUTE,65.0,Both incidents recorded on route RTE-EA4FA88B.,65.0
LNK-736BA9CB,INCIDENT,INC-0D9BA78C,INCIDENT,INC-F1B64D6B,SHARED_ROUTE,65.0,Both incidents recorded on route RTE-EA4FA88B.,65.0
LNK-C4712440,INCIDENT,INC-60CEEFAB,INCIDENT,INC-FD6591F7,SHARED_ROUTE,65.0,Both incidents recorded on route RTE-C3C4BB2E.,65.0
LNK-41C3DF5E,INCIDENT,INC-60CEEFAB,INCIDENT,INC-78F43FAB,SHARED_ROUTE,65.0,Both incidents recorded on route RTE-C3C4BB2E.,65.0
LNK-78703727,INCIDENT,INC-741D3958,INCIDENT,INC-AF82125B,SHARED_ROUTE,65.0,Both incidents recorded on route RTE-C146AD8A.,65.0
LNK-E9741790,INCIDENT,INC-255C0F50,INCIDENT,INC-BF3E895A,SHARED_ROUTE,65.0,Both incidents recorded on route RTE-BFA90C2B.,65.0
LNK-9E14D5D4,INCIDENT,INC-5ECD4F9B,INCIDENT,INC-BF3E895A,SHARED_ROUTE,65.0,Both incidents recorded on route RTE-BFA90C2B.,65.0
LNK-F3CA68A1,INCIDENT,INC-5ECD4F9B,INCIDENT,INC-255C0F50,SHARED_ROUTE,65.0,Both incidents recorded on route RTE-BFA90C2B.,65.0
LNK-9656FB41,INCIDENT,INC-B7149057,INCIDENT,INC-2826EA19,SHARED_ROUTE,65.0,Both incidents recorded on route RTE-BEF74FCD.,65.0
LNK-94518E50,INCIDENT,INC-9FA1225A,INCIDENT,INC-2826EA19,SHARED_ROUTE,65.0,Both incidents recorded on route RTE-BEF74FCD.,65.0
LNK-A15E00B0,INCIDENT,INC-9FA1225A,INCIDENT,INC-B7149057,SHARED_ROUTE,65.0,Both incidents recorded on route RTE-BEF74FCD.,65.0
LNK-FFF5F999,INCIDENT,INC-F78CF454,INCIDENT,INC-2826EA19,SHARED_ROUTE,65.0,Both incidents recorded on route RTE-BEF74FCD.,65.0
LNK-1DFDD030,INCIDENT,INC-F78CF454,INCIDENT,INC-B7149057,SHARED_ROUTE,65.0,Both incidents recorded on route RTE-BEF74FCD.,65.0
LNK-029CE232,INCIDENT,INC-10F165CA,INCIDENT,INC-94298C74,SHARED_ROUTE,65.0,Both incidents recorded on route RTE-DD5236CF.,65.0
LNK-6AD8DBEA,INCIDENT,INC-0F37ED1D,INCIDENT,INC-C36D97AB,SHARED_ROUTE,65.0,Both incidents recorded on route RTE-D769322C.,65.0
LNK-B57C3D4C,INCIDENT,INC-05AA8387,INCIDENT,INC-C36D97AB,SHARED_ROUTE,65.0,Both incidents recorded on route RTE-D769322C.,65.0
LNK-5B0251CC,INCIDENT,INC-05AA8387,INCIDENT,INC-0F37ED1D,SHARED_ROUTE,65.0,Both incidents recorded on route RTE-D769322C.,65.0
LNK-EB9B9705,INCIDENT,INC-146BDA30,INCIDENT,INC-F9BF0F1F,SHARED_ROUTE,65.0,Both incidents recorded on route RTE-D5B7DEF5.,65.0
LNK-609E3B84,INCIDENT,INC-1632354A,INCIDENT,INC-C54BDAF9,SHARED_ROUTE,65.0,Both incidents recorded on route RTE-BE75B5F4.,65.0
LNK-89CADF0D,INCIDENT,INC-1632354A,INCIDENT,INC-515699A6,SHARED_ROUTE,65.0,Both incidents recorded on route RTE-BE75B5F4.,65.0
LNK-A8653459,INCIDENT,INC-6DD32668,INCIDENT,INC-E41D08F2,SHARED_ROUTE,65.0,Both incidents recorded on route RTE-B5BE3EA8.,65.0
LNK-6064F273,INCIDENT,INC-F9B159E0,INCIDENT,INC-CD4B4FDB,SHARED_ROUTE,65.0,Both incidents recorded on route RTE-B4DC47C9.,65.0
LNK-9B4B4FA4,INCIDENT,INC-1B2B6136,INCIDENT,INC-CD4B4FDB,SHARED_ROUTE,65.0,Both incidents recorded on route RTE-B4DC47C9.,65.0
LNK-7A474919,INCIDENT,INC-1B2B6136,INCIDENT,INC-F9B159E0,SHARED_ROUTE,65.0,Both incidents recorded on route RTE-B4DC47C9.,65.0
LNK-98DB75F9,INCIDENT,INC-42FE4868,INCIDENT,INC-CD4B4FDB,SHARED_ROUTE,65.0,Both incidents recorded on route RTE-B4DC47C9.,65.0
LNK-A4767636,INCIDENT,INC-42FE4868,INCIDENT,INC-F9B159E0,SHARED_ROUTE,65.0,Both incidents recorded on route RTE-B4DC47C9.,65.0
LNK-5E6688C1,INCIDENT,INC-42FE4868,INCIDENT,INC-1B2B6136,SHARED_ROUTE,65.0,Both incidents recorded on route RTE-B4DC47C9.,65.0
LNK-ABB3A951,INCIDENT,INC-15FBD001,INCIDENT,INC-BFB5BBA3,SHARED_ROUTE,65.0,Both incidents recorded on route RTE-A9A64DEE.,65.0
LNK-DD7155B2,INCIDENT,INC-F9FFB5E7,INCIDENT,INC-BFB5BBA3,SHARED_ROUTE,65.0,Both incidents recorded on route RTE-A9A64DEE.,65.0
LNK-C5B67B49,INCIDENT,INC-C080047C,INCIDENT,INC-A6C53A45,SHARED_ROUTE,65.0,Both incidents recorded on route RTE-CB7E8B4C.,65.0
LNK-4719E68A,INCIDENT,INC-60CEEFAB,INCIDENT,INC-E2775A7D,SHARED_ROUTE,65.0,Both incidents recorded on route RTE-C3C4BB2E.,65.0
LNK-CA1E179B,INCIDENT,INC-60CEEFAB,INCIDENT,INC-116281CC,SHARED_ROUTE,65.0,Both incidents recorded on route RTE-C3C4BB2E.,65.0
LNK-E4747AA0,INCIDENT,INC-60CEEFAB,INCIDENT,INC-9F36A672,SHARED_ROUTE,65.0,Both incidents recorded on route RTE-C3C4BB2E.,65.0
LNK-8185CB50,INCIDENT,INC-60CEEFAB,INCIDENT,INC-C331EBE5,SHARED_ROUTE,65.0,Both incidents recorded on route RTE-C3C4BB2E.,65.0
LNK-30740E8C,INCIDENT,INC-C3E926DF,INCIDENT,INC-6643099B,SHARED_ROUTE,65.0,Both incidents recorded on route RTE-A6BAB08D.,65.0
LNK-07C161D9,INCIDENT,INC-C3E926DF,INCIDENT,INC-2992C5A5,SHARED_ROUTE,65.0,Both incidents recorded on route RTE-A6BAB08D.,65.0
LNK-672A576B,INCIDENT,INC-C3E926DF,INCIDENT,INC-12FED95A,SHARED_ROUTE,65.0,Both incidents recorded on route RTE-A6BAB08D.,65.0
LNK-D6974C9A,INCIDENT,INC-CC3301EE,INCIDENT,INC-6F249708,SHARED_ROUTE,65.0,Both incidents recorded on route RTE-9EC78713.,65.0
LNK-09A7FDE1,INCIDENT,INC-07FD8D0D,INCIDENT,INC-4A35725C,SHARED_ROUTE,65.0,Both incidents recorded on route RTE-8F0A4EBD.,65.0
LNK-678D781B,INCIDENT,INC-8EB5B84D,INCIDENT,INC-FE1AB35A,SHARED_ROUTE,65.0,Both incidents recorded on route RTE-8F0A4EBD.,65.0
LNK-9C467A94,INCIDENT,INC-8EB5B84D,INCIDENT,INC-E8023570,SHARED_ROUTE,65.0,Both incidents recorded on route RTE-8F0A4EBD.,65.0
LNK-8E0485D2,INCIDENT,INC-8EB5B84D,INCIDENT,INC-2CE068AA,SHARED_ROUTE,65.0,Both incidents recorded on route RTE-8F0A4EBD.,65.0
LNK-BB55CF49,INCIDENT,INC-8EB5B84D,INCIDENT,INC-4A35725C,SHARED_ROUTE,65.0,Both incidents recorded on route RTE-8F0A4EBD.,65.0
LNK-2950EBCE,INCIDENT,INC-8EB5B84D,INCIDENT,INC-07FD8D0D,SHARED_ROUTE,65.0,Both incidents recorded on route RTE-8F0A4EBD.,65.0
LNK-B511D07D,INCIDENT,INC-BBF6FF7D,INCIDENT,INC-C431ADBC,SHARED_ROUTE,65.0,Both incidents recorded on route RTE-857F6451.,65.0
LNK-C9D529B6,INCIDENT,INC-F78CF454,INCIDENT,INC-9FA1225A,SHARED_ROUTE,65.0,Both incidents recorded on route RTE-BEF74FCD.,65.0
LNK-567DD844,INCIDENT,INC-515699A6,INCIDENT,INC-8D27A117,SHARED_ROUTE,65.0,Both incidents recorded on route RTE-BE75B5F4.,65.0
LNK-FB0906D1,INCIDENT,INC-38A2513D,INCIDENT,INC-494FEC72,SHARED_ROUTE,65.0,Both incidents recorded on route RTE-FDDFEF85.,65.0
LNK-14C4434B,INCIDENT,INC-1632354A,INCIDENT,INC-00F43BE5,SHARED_ROUTE,65.0,Both incidents recorded on route RTE-BE75B5F4.,65.0
LNK-98A868A2,INCIDENT,INC-1632354A,INCIDENT,INC-8D27A117,SHARED_ROUTE,65.0,Both incidents recorded on route RTE-BE75B5F4.,65.0
LNK-B1D55D93,INCIDENT,INC-CFDECC5B,INCIDENT,INC-5B989C61,SHARED_ROUTE,65.0,Both incidents recorded on route RTE-844D2BD8.,65.0
LNK-CA4A2FFC,INCIDENT,INC-DC742503,INCIDENT,INC-2199F6B6,SHARED_ROUTE,65.0,Both incidents recorded on route RTE-842CC51F.,65.0
LNK-0333CE36,INCIDENT,INC-15999B13,INCIDENT,INC-2199F6B6,SHARED_ROUTE,65.0,Both incidents recorded on route RTE-842CC51F.,65.0
LNK-78EF1A61,INCIDENT,INC-15999B13,INCIDENT,INC-DC742503,SHARED_ROUTE,65.0,Both incidents recorded on route RTE-842CC51F.,65.0
LNK-97BC235A,INCIDENT,INC-5F1EE080,INCIDENT,INC-66FE58C2,SHARED_ROUTE,65.0,Both incidents recorded on route RTE-83C30583.,65.0
LNK-65A77804,INCIDENT,INC-55173AC1,INCIDENT,INC-0B663344,SHARED_ROUTE,65.0,Both incidents recorded on route RTE-837DA83F.,65.0
LNK-D01F13A7,INCIDENT,INC-6E3D7227,INCIDENT,INC-0B663344,SHARED_ROUTE,65.0,Both incidents recorded on route RTE-837DA83F.,65.0
LNK-6019EDA0,INCIDENT,INC-6E3D7227,INCIDENT,INC-55173AC1,SHARED_ROUTE,65.0,Both incidents recorded on route RTE-837DA83F.,65.0
LNK-B7F5D936,INCIDENT,INC-E2003313,INCIDENT,INC-0B663344,SHARED_ROUTE,65.0,Both incidents recorded on route RTE-837DA83F.,65.0
LNK-A7746486,INCIDENT,INC-E2003313,INCIDENT,INC-55173AC1,SHARED_ROUTE,65.0,Both incidents recorded on route RTE-837DA83F.,65.0
LNK-15670976,INCIDENT,INC-E2003313,INCIDENT,INC-6E3D7227,SHARED_ROUTE,65.0,Both incidents recorded on route RTE-837DA83F.,65.0
LNK-4E659CD7,INCIDENT,INC-F9FFB5E7,INCIDENT,INC-15FBD001,SHARED_ROUTE,65.0,Both incidents recorded on route RTE-A9A64DEE.,65.0
LNK-7FA02ACD,INCIDENT,INC-CE3FC3E6,INCIDENT,INC-10F98BB7,SHARED_ROUTE,65.0,Both incidents recorded on route RTE-A842284A.,65.0
LNK-8570F4AC,INCIDENT,INC-2992C5A5,INCIDENT,INC-6643099B,SHARED_ROUTE,65.0,Both incidents recorded on route RTE-A6BAB08D.,65.0
LNK-B2F2A7C6,INCIDENT,INC-12FED95A,INCIDENT,INC-6643099B,SHARED_ROUTE,65.0,Both incidents recorded on route RTE-A6BAB08D.,65.0
LNK-B90CD21F,INCIDENT,INC-12FED95A,INCIDENT,INC-2992C5A5,SHARED_ROUTE,65.0,Both incidents recorded on route RTE-A6BAB08D.,65.0
LNK-8FD21B98,INCIDENT,INC-D24AB0E3,INCIDENT,INC-4C48EFFC,SHARED_ROUTE,65.0,Both incidents recorded on route RTE-674B55E3.,65.0
LNK-3E277035,INCIDENT,INC-D24AB0E3,INCIDENT,INC-3ED8334F,SHARED_ROUTE,65.0,Both incidents recorded on route RTE-674B55E3.,65.0
LNK-943306CF,INCIDENT,INC-D24AB0E3,INCIDENT,INC-01E8CFE1,SHARED_ROUTE,65.0,Both incidents recorded on route RTE-674B55E3.,65.0
LNK-9DA1C9E4,INCIDENT,INC-9C8F005B,INCIDENT,INC-0CED375A,SHARED_ROUTE,65.0,Both incidents recorded on route RTE-6502C0EF.,65.0
LNK-CCD12D37,INCIDENT,INC-A50D090A,INCIDENT,INC-0CED375A,SHARED_ROUTE,65.0,Both incidents recorded on route RTE-6502C0EF.,65.0
LNK-66CDE7CE,INCIDENT,INC-A50D090A,INCIDENT,INC-9C8F005B,SHARED_ROUTE,65.0,Both incidents recorded on route RTE-6502C0EF.,65.0
LNK-2EAF0791,INCIDENT,INC-5ED074E5,INCIDENT,INC-0CED375A,SHARED_ROUTE,65.0,Both incidents recorded on route RTE-6502C0EF.,65.0
LNK-106CE1B7,INCIDENT,INC-5ED074E5,INCIDENT,INC-9C8F005B,SHARED_ROUTE,65.0,Both incidents recorded on route RTE-6502C0EF.,65.0
LNK-9AC8B38A,INCIDENT,INC-5ED074E5,INCIDENT,INC-A50D090A,SHARED_ROUTE,65.0,Both incidents recorded on route RTE-6502C0EF.,65.0
LNK-8CB9186A,INCIDENT,INC-F8517BB9,INCIDENT,INC-6D10E95C,SHARED_ROUTE,65.0,Both incidents recorded on route RTE-5CFE009F.,65.0
LNK-9C01C571,INCIDENT,INC-F8517BB9,INCIDENT,INC-A03A3F0C,SHARED_ROUTE,65.0,Both incidents recorded on route RTE-5CFE009F.,65.0
LNK-734D286D,INCIDENT,INC-CFDECC5B,INCIDENT,INC-1773DDC0,SHARED_ROUTE,65.0,Both incidents recorded on route RTE-844D2BD8.,65.0
LNK-6916FC43,INCIDENT,INC-CFDECC5B,INCIDENT,INC-4BCBFFEF,SHARED_ROUTE,65.0,Both incidents recorded on route RTE-844D2BD8.,65.0
LNK-85AD56BE,INCIDENT,INC-CFDECC5B,INCIDENT,INC-FE7DD637,SHARED_ROUTE,65.0,Both incidents recorded on route RTE-844D2BD8.,65.0
LNK-9F0C4EE7,INCIDENT,INC-CFDECC5B,INCIDENT,INC-F16B3BA6,SHARED_ROUTE,65.0,Both incidents recorded on route RTE-844D2BD8.,65.0
LNK-9A28730D,INCIDENT,INC-CFDECC5B,INCIDENT,INC-7EE564E7,SHARED_ROUTE,65.0,Both incidents recorded on route RTE-844D2BD8.,65.0
LNK-C94D51B1,INCIDENT,INC-D6C72864,INCIDENT,INC-4CC681DB,SHARED_ROUTE,65.0,Both incidents recorded on route RTE-5B12885C.,65.0
LNK-FC0D8C18,INCIDENT,INC-D6C72864,INCIDENT,INC-ADB724B1,SHARED_ROUTE,65.0,Both incidents recorded on route RTE-5B12885C.,65.0
LNK-9551D3D6,INCIDENT,INC-512A9B14,INCIDENT,INC-13B7BC4E,SHARED_ROUTE,65.0,Both incidents recorded on route RTE-5A7B190F.,65.0
LNK-F6FC7065,INCIDENT,INC-E8CE8DB8,INCIDENT,INC-BFF12B37,SHARED_ROUTE,65.0,Both incidents recorded on route RTE-5A090E6C.,65.0
LNK-86724B33,INCIDENT,INC-E8CE8DB8,INCIDENT,INC-D6764190,SHARED_ROUTE,65.0,Both incidents recorded on route RTE-5A090E6C.,65.0
LNK-C4997557,INCIDENT,INC-E8CE8DB8,INCIDENT,INC-10093B7D,SHARED_ROUTE,65.0,Both incidents recorded on route RTE-5A090E6C.,65.0
LNK-36D2E1AB,INCIDENT,INC-E8CE8DB8,INCIDENT,INC-D7628F86,SHARED_ROUTE,65.0,Both incidents recorded on route RTE-5A090E6C.,65.0
LNK-9130BB2F,INCIDENT,INC-E8CE8DB8,INCIDENT,INC-3911A5DD,SHARED_ROUTE,65.0,Both incidents recorded on route RTE-5A090E6C.,65.0
LNK-571B6677,INCIDENT,INC-E8CE8DB8,INCIDENT,INC-C678EEF3,SHARED_ROUTE,65.0,Both incidents recorded on route RTE-5A090E6C.,65.0
LNK-D4D3DA5E,INCIDENT,INC-9C20A615,INCIDENT,INC-131AE7EA,SHARED_ROUTE,65.0,Both incidents recorded on route RTE-526A517F.,65.0
LNK-E3ACFC6F,INCIDENT,INC-DF24931D,INCIDENT,INC-131AE7EA,SHARED_ROUTE,65.0,Both incidents recorded on route RTE-526A517F.,65.0
LNK-CC8043BA,INCIDENT,INC-CD369185,INCIDENT,INC-B9EF0A14,SHARED_ROUTE,65.0,Both incidents recorded on route RTE-7C3E668E.,65.0
LNK-8D393DF3,INCIDENT,INC-1C5B91BF,INCIDENT,INC-FD151C94,SHARED_ROUTE,65.0,Both incidents recorded on route RTE-68716855.,65.0
LNK-9260BBC5,INCIDENT,INC-01E8CFE1,INCIDENT,INC-4C48EFFC,SHARED_ROUTE,65.0,Both incidents recorded on route RTE-674B55E3.,65.0
LNK-6BF9086F,INCIDENT,INC-01E8CFE1,INCIDENT,INC-3ED8334F,SHARED_ROUTE,65.0,Both incidents recorded on route RTE-674B55E3.,65.0
LNK-7234B744,INCIDENT,INC-D24AB0E3,INCIDENT,INC-87E0247E,SHARED_ROUTE,65.0,Both incidents recorded on route RTE-674B55E3.,65.0
LNK-28E84541,INCIDENT,INC-7FD2287E,INCIDENT,INC-6FDD3514,SHARED_ROUTE,65.0,Both incidents recorded on route RTE-4B8AC9E4.,65.0
LNK-A73A7728,INCIDENT,INC-C462BE8D,INCIDENT,INC-6FDD3514,SHARED_ROUTE,65.0,Both incidents recorded on route RTE-4B8AC9E4.,65.0
LNK-A887B4DE,INCIDENT,INC-C462BE8D,INCIDENT,INC-7FD2287E,SHARED_ROUTE,65.0,Both incidents recorded on route RTE-4B8AC9E4.,65.0
LNK-63AA5E3E,INCIDENT,INC-1CDD4560,INCIDENT,INC-4E39810E,SHARED_ROUTE,65.0,Both incidents recorded on route RTE-4424DBF1.,65.0
LNK-D8C3F9C0,INCIDENT,INC-1CDD4560,INCIDENT,INC-728F0959,SHARED_ROUTE,65.0,Both incidents recorded on route RTE-4424DBF1.,65.0
LNK-A17DCBB7,INCIDENT,INC-A3DFB62E,INCIDENT,INC-5A1F8BFD,SHARED_ROUTE,65.0,Both incidents recorded on route RTE-4424DBF1.,65.0
LNK-03961A3E,INCIDENT,INC-A3DFB62E,INCIDENT,INC-4E39810E,SHARED_ROUTE,65.0,Both incidents recorded on route RTE-4424DBF1.,65.0
LNK-5C45101B,INCIDENT,INC-A3DFB62E,INCIDENT,INC-728F0959,SHARED_ROUTE,65.0,Both incidents recorded on route RTE-4424DBF1.,65.0
LNK-4E23ED65,INCIDENT,INC-A3DFB62E,INCIDENT,INC-1CDD4560,SHARED_ROUTE,65.0,Both incidents recorded on route RTE-4424DBF1.,65.0
LNK-7EF6F0C8,INCIDENT,INC-9E823210,INCIDENT,INC-82D04226,SHARED_ROUTE,65.0,Both incidents recorded on route RTE-3BE0D749.,65.0
LNK-7431A7B3,INCIDENT,INC-A23E05D2,INCIDENT,INC-82D04226,SHARED_ROUTE,65.0,Both incidents recorded on route RTE-3BE0D749.,65.0
LNK-79BD4952,INCIDENT,INC-BF08DBB6,INCIDENT,INC-5190CCE5,SHARED_ROUTE,65.0,Both incidents recorded on route RTE-5CFE009F.,65.0
LNK-4BE90CAC,INCIDENT,INC-BF08DBB6,INCIDENT,INC-6D10E95C,SHARED_ROUTE,65.0,Both incidents recorded on route RTE-5CFE009F.,65.0
LNK-00D1D046,INCIDENT,INC-BF08DBB6,INCIDENT,INC-A03A3F0C,SHARED_ROUTE,65.0,Both incidents recorded on route RTE-5CFE009F.,65.0
LNK-FB359AEE,INCIDENT,INC-BF08DBB6,INCIDENT,INC-F8517BB9,SHARED_ROUTE,65.0,Both incidents recorded on route RTE-5CFE009F.,65.0
LNK-F803CD43,INCIDENT,INC-0900EA33,INCIDENT,INC-6E06FEF9,SHARED_ROUTE,65.0,Both incidents recorded on route RTE-15641305.,65.0
LNK-3377AE75,INCIDENT,INC-0900EA33,INCIDENT,INC-4C54C68E,SHARED_ROUTE,65.0,Both incidents recorded on route RTE-15641305.,65.0
LNK-3874B183,INCIDENT,INC-519C9B4B,INCIDENT,INC-43B2CB9A,SHARED_ROUTE,65.0,Both incidents recorded on route RTE-12678A58.,65.0
LNK-1A55AC9D,INCIDENT,INC-32716F42,INCIDENT,INC-DDF4BE8C,SHARED_ROUTE,65.0,Both incidents recorded on route RTE-3623DB4A.,65.0
LNK-092D931E,INCIDENT,INC-0900EA33,INCIDENT,INC-6D25D6CE,SHARED_ROUTE,65.0,Both incidents recorded on route RTE-15641305.,65.0
LNK-568CD580,INCIDENT,INC-0900EA33,INCIDENT,INC-B0143C0C,SHARED_ROUTE,65.0,Both incidents recorded on route RTE-15641305.,65.0
LNK-3560891C,INCIDENT,INC-0900EA33,INCIDENT,INC-3B76D32D,SHARED_ROUTE,65.0,Both incidents recorded on route RTE-15641305.,65.0
LNK-1785165E,INCIDENT,INC-7D4B283E,INCIDENT,INC-9FEDC9C2,SHARED_ROUTE,65.0,Both incidents recorded on route RTE-12678A58.,65.0
LNK-5F220426,INCIDENT,INC-7D4B283E,INCIDENT,INC-FE8EFEF7,SHARED_ROUTE,65.0,Both incidents recorded on route RTE-12678A58.,65.0
LNK-A9FD967F,INCIDENT,INC-A23E05D2,INCIDENT,INC-9E823210,SHARED_ROUTE,65.0,Both incidents recorded on route RTE-3BE0D749.,65.0
LNK-C0DD8618,INCIDENT,INC-37F58A26,INCIDENT,INC-E1E1AE41,SHARED_ROUTE,65.0,Both incidents recorded on route RTE-378A7DE2.,65.0
LNK-0E411AA5,INCIDENT,INC-E68D0BDF,INCIDENT,INC-023A4B6B,SHARED_ROUTE,65.0,Both incidents recorded on route RTE-367D804C.,65.0
LNK-EF087D6B,INCIDENT,INC-DF24931D,INCIDENT,INC-9C20A615,SHARED_ROUTE,65.0,Both incidents recorded on route RTE-526A517F.,65.0
LNK-898132F5,INCIDENT,INC-D8942366,INCIDENT,INC-131AE7EA,SHARED_ROUTE,65.0,Both incidents recorded on route RTE-526A517F.,65.0
LNK-F80AED13,INCIDENT,INC-D8942366,INCIDENT,INC-9C20A615,SHARED_ROUTE,65.0,Both incidents recorded on route RTE-526A517F.,65.0
LNK-E8191ED1,INCIDENT,INC-D8942366,INCIDENT,INC-DF24931D,SHARED_ROUTE,65.0,Both incidents recorded on route RTE-526A517F.,65.0
LNK-241228D2,INCIDENT,INC-5A9D0819,INCIDENT,INC-976F24FE,SHARED_ROUTE,65.0,Both incidents recorded on route RTE-50CAC933.,65.0
LNK-C9C6D8DB,INCIDENT,INC-ACD8DFCD,INCIDENT,INC-DDF4BE8C,SHARED_ROUTE,65.0,Both incidents recorded on route RTE-3623DB4A.,65.0
LNK-ACE89D2C,INCIDENT,INC-ACD8DFCD,INCIDENT,INC-32716F42,SHARED_ROUTE,65.0,Both incidents recorded on route RTE-3623DB4A.,65.0
LNK-ACB444E1,INCIDENT,INC-0EC4B271,INCIDENT,INC-F7233FDE,SHARED_ROUTE,65.0,Both incidents recorded on route RTE-32F0E94F.,65.0
LNK-3B0FD358,INCIDENT,INC-0EC4B271,INCIDENT,INC-D34E63D1,SHARED_ROUTE,65.0,Both incidents recorded on route RTE-32F0E94F.,65.0
LNK-4A4314B7,INCIDENT,INC-0EC4B271,INCIDENT,INC-B8101499,SHARED_ROUTE,65.0,Both incidents recorded on route RTE-32F0E94F.,65.0
LNK-D4DEF8FB,INCIDENT,INC-0EC4B271,INCIDENT,INC-1F9B79FA,SHARED_ROUTE,65.0,Both incidents recorded on route RTE-32F0E94F.,65.0
LNK-C174D8EB,INCIDENT,INC-0EC4B271,INCIDENT,INC-BD1CBF34,SHARED_ROUTE,65.0,Both incidents recorded on route RTE-32F0E94F.,65.0
LNK-1094B0C9,INCIDENT,INC-0EC4B271,INCIDENT,INC-F315480D,SHARED_ROUTE,65.0,Both incidents recorded on route RTE-32F0E94F.,65.0
LNK-DC04C59B,INCIDENT,INC-A8C18B51,INCIDENT,INC-0153BECF,SHARED_ROUTE,65.0,Both incidents recorded on route RTE-22651175.,65.0
LNK-BD80A5C6,INCIDENT,INC-A8C18B51,INCIDENT,INC-3309C37C,SHARED_ROUTE,65.0,Both incidents recorded on route RTE-22651175.,65.0
LNK-0A5CD87C,INCIDENT,INC-A8C18B51,INCIDENT,INC-00274222,SHARED_ROUTE,65.0,Both incidents recorded on route RTE-22651175.,65.0
LNK-1D2CF27E,INCIDENT,INC-A8C18B51,INCIDENT,INC-8A267DEE,SHARED_ROUTE,65.0,Both incidents recorded on route RTE-22651175.,65.0
LNK-95D5F7A8,INCIDENT,INC-8F5F24D4,INCIDENT,INC-28275C25,SHARED_ROUTE,65.0,Both incidents recorded on route RTE-01273A62.,65.0
LNK-BB023CFB,INCIDENT,INC-3A7D94EE,INCIDENT,INC-075D65FD,SHARED_ROUTE,65.0,Both incidents recorded on route RTE-F534A60F.,65.0
LNK-68E50049,INCIDENT,INC-8FBA0CAB,INCIDENT,INC-0AA68A2E,SHARED_ROUTE,65.0,Both incidents recorded on route RTE-F534A60F.,65.0
LNK-AEF4A582,INCIDENT,INC-515699A6,INCIDENT,INC-C54BDAF9,SHARED_ROUTE,65.0,Both incidents recorded on route RTE-BE75B5F4.,65.0
LNK-154F59B7,INCIDENT,INC-8FBA0CAB,INCIDENT,INC-A5C21485,SHARED_ROUTE,65.0,Both incidents recorded on route RTE-F534A60F.,65.0
LNK-5C26D44F,INCIDENT,INC-519C9B4B,INCIDENT,INC-9FEDC9C2,SHARED_ROUTE,65.0,Both incidents recorded on route RTE-12678A58.,65.0
LNK-AF808FFD,INCIDENT,INC-519C9B4B,INCIDENT,INC-FE8EFEF7,SHARED_ROUTE,65.0,Both incidents recorded on route RTE-12678A58.,65.0
LNK-AC7C4387,INCIDENT,INC-519C9B4B,INCIDENT,INC-7D4B283E,SHARED_ROUTE,65.0,Both incidents recorded on route RTE-12678A58.,65.0
LNK-F99B8638,INCIDENT,INC-A90DF55B,INCIDENT,INC-B640A155,SHARED_ROUTE,65.0,Both incidents recorded on route RTE-05837773.,65.0
LNK-A3A55D89,INCIDENT,INC-A90DF55B,INCIDENT,INC-83618E73,SHARED_ROUTE,65.0,Both incidents recorded on route RTE-05837773.,65.0
LNK-FA79557F,INCIDENT,INC-A90DF55B,INCIDENT,INC-9F6FAE88,SHARED_ROUTE,65.0,Both incidents recorded on route RTE-05837773.,65.0
LNK-675BD27E,INCIDENT,INC-A90DF55B,INCIDENT,INC-1798C080,SHARED_ROUTE,65.0,Both incidents recorded on route RTE-05837773.,65.0
LNK-CBC72763,INCIDENT,INC-A90DF55B,INCIDENT,INC-60A75744,SHARED_ROUTE,65.0,Both incidents recorded on route RTE-05837773.,65.0
LNK-24408AC5,INCIDENT,INC-A90DF55B,INCIDENT,INC-D360954F,SHARED_ROUTE,65.0,Both incidents recorded on route RTE-05837773.,65.0
LNK-46560A19,INCIDENT,INC-28275C25,INCIDENT,INC-BD24F6C5,SHARED_ROUTE,65.0,Both incidents recorded on route RTE-01273A62.,65.0
LNK-9E2ACECF,INCIDENT,INC-28275C25,INCIDENT,INC-83C84C75,SHARED_ROUTE,65.0,Both incidents recorded on route RTE-01273A62.,65.0
LNK-EBF75FE4,INCIDENT,INC-8F5F24D4,INCIDENT,INC-0D75271F,SHARED_ROUTE,65.0,Both incidents recorded on route RTE-01273A62.,65.0
LNK-4A4D5FD3,INCIDENT,INC-8F5F24D4,INCIDENT,INC-BD24F6C5,SHARED_ROUTE,65.0,Both incidents recorded on route RTE-01273A62.,65.0
LNK-959F3669,INCIDENT,INC-8F5F24D4,INCIDENT,INC-83C84C75,SHARED_ROUTE,65.0,Both incidents recorded on route RTE-01273A62.,65.0
LNK-1F7BFF25,INCIDENT,INC-8FBA0CAB,INCIDENT,INC-075D65FD,SHARED_ROUTE,65.0,Both incidents recorded on route RTE-F534A60F.,65.0
LNK-0F2C5BBB,INCIDENT,INC-8FBA0CAB,INCIDENT,INC-3A7D94EE,SHARED_ROUTE,65.0,Both incidents recorded on route RTE-F534A60F.,65.0
LNK-E84228C4,INCIDENT,INC-EA003C6C,INCIDENT,INC-62F9706C,SHARED_ROUTE,65.0,Both incidents recorded on route RTE-F51C2F2E.,65.0
LNK-5F41EEB8,INCIDENT,INC-EA003C6C,INCIDENT,INC-A8E89DAC,SHARED_ROUTE,65.0,Both incidents recorded on route RTE-F51C2F2E.,65.0
LNK-9A3FB154,INCIDENT,INC-EA003C6C,INCIDENT,INC-17AA367E,SHARED_ROUTE,65.0,Both incidents recorded on route RTE-F51C2F2E.,65.0
LNK-728DCFBE,INCIDENT,INC-EA003C6C,INCIDENT,INC-18B3A5B0,SHARED_ROUTE,65.0,Both incidents recorded on route RTE-F51C2F2E.,65.0
LNK-B0A86024,INCIDENT,INC-EA003C6C,INCIDENT,INC-1D3FC12F,SHARED_ROUTE,65.0,Both incidents recorded on route RTE-F51C2F2E.,65.0
LNK-A0D51A19,INCIDENT,INC-A8C18B51,INCIDENT,INC-C1488574,SHARED_ROUTE,65.0,Both incidents recorded on route RTE-22651175.,65.0
LNK-1DAFE802,INCIDENT,INC-A8C18B51,INCIDENT,INC-2DDB92C7,SHARED_ROUTE,65.0,Both incidents recorded on route RTE-22651175.,65.0
LNK-F06E12EA,INCIDENT,INC-5F2253A2,INCIDENT,INC-EE63DD43,SHARED_ROUTE,65.0,Both incidents recorded on route RTE-15E430E6.,65.0
LNK-E1C77945,INCIDENT,INC-47ED0F0D,INCIDENT,INC-EE63DD43,SHARED_ROUTE,65.0,Both incidents recorded on route RTE-15E430E6.,65.0
LNK-BFEE1BF3,INCIDENT,INC-47ED0F0D,INCIDENT,INC-5F2253A2,SHARED_ROUTE,65.0,Both incidents recorded on route RTE-15E430E6.,65.0
LNK-1970DBCE,INCIDENT,INC-7A314C1F,INCIDENT,INC-EE63DD43,SHARED_ROUTE,65.0,Both incidents recorded on route RTE-15E430E6.,65.0
LNK-83B2D7BA,INCIDENT,INC-7A314C1F,INCIDENT,INC-5F2253A2,SHARED_ROUTE,65.0,Both incidents recorded on route RTE-15E430E6.,65.0
LNK-1B78C1A5,INCIDENT,INC-7A314C1F,INCIDENT,INC-47ED0F0D,SHARED_ROUTE,65.0,Both incidents recorded on route RTE-15E430E6.,65.0
LNK-1FF2BB3E,INCIDENT,INC-0900EA33,INCIDENT,INC-94B20477,SHARED_ROUTE,65.0,Both incidents recorded on route RTE-15641305.,65.0
LNK-BA0A937A,INCIDENT,INC-ADB724B1,INCIDENT,INC-4CC681DB,SHARED_ROUTE,65.0,Both incidents recorded on route RTE-5B12885C.,65.0
LNK-F588DAAF,ACTOR,ACT-3EC2CAB2,ACTOR,ACT-866A9666,ENTITY_MATCH,71.89,Similar name (66%); Same nationality (Indian); Same region (West Bengal); Shared corridor (Kochi Port–Maputo),64.7
LNK-D4E85C21,ACTOR,ACT-C1CE62FB,ACTOR,ACT-F73F1F34,ENTITY_MATCH,70.96,Similar alias (62%); Same nationality (Indian); Same region (West Bengal); Shared corridor (Visakhapatnam–Mombasa),63.86
LNK-349336CE,ACTOR,ACT-4A810E54,ACTOR,ACT-DUP-0009,ENTITY_MATCH,70.11,"Similar name (93%); Similar alias (88%); Shared corridor (Kochi Port–Maputo, Tuticorin Port–Maputo)",63.1
LNK-2E379700,ACTOR,ACT-6C2A62E9,ACTOR,ACT-DUP-0005,ENTITY_MATCH,69.45,"Similar name (91%); Similar alias (88%); Shared corridor (Kochi Port–Dar es Salaam, Tuticorin Port–Maputo)",62.51
LNK-09A600CE,ACTOR,ACT-0D3A69A7,ACTOR,ACT-866A9666,ENTITY_MATCH,68.49,Same nationality (Indian); Same region (West Bengal); Shared corridor (Kochi Port–Maputo),61.64
LNK-E2C7DEA0,ACTOR,ACT-C1CE62FB,ACTOR,ACT-BA821236,ENTITY_MATCH,68.19,Same nationality (Indian); Same region (West Bengal); Shared corridor (Kochi Port–Durban),61.37
LNK-2E731AFD,ACTOR,ACT-71CD333C,ACTOR,ACT-2F205955,ENTITY_MATCH,67.78,Same nationality (Indian); Same region (Kerala); Shared corridor (Tuticorin Port–Maputo),61.0
LNK-85328DE0,ACTOR,ACT-A9210483,ACTOR,ACT-F20CA79B,ENTITY_MATCH,67.56,Same nationality (Indian); Same region (West Bengal); Shared corridor (Visakhapatnam–Mombasa),60.8
LNK-7CA7C18A,ACTOR,ACT-DUP-0001,ACTOR,ACT-DUP-0002,ENTITY_MATCH,67.43,"Same nationality (Mozambican); Same region (South Africa); Shared corridor (Kochi Port–Dar es Salaam, Mumbai Port–Durban)",60.69
LNK-2EEBB440,ACTOR,ACT-4A810E54,ACTOR,ACT-DUP-0010,ENTITY_MATCH,67.04,"Similar name (96%); Similar alias (66%); Shared corridor (Kochi Port–Maputo, Chennai Port–Dar es Salaam)",60.34
LNK-4A5C46C0,ACTOR,ACT-866A9666,ACTOR,ACT-CAA8911E,ENTITY_MATCH,66.53,Similar name (72%); Similar alias (63%); Same nationality (Indian); Shared corridor (Kochi Port–Maputo),59.88
LNK-A24CB090,ACTOR,ACT-157A0D7D,ACTOR,ACT-E039AAEB,ENTITY_MATCH,66.47,Same nationality (Indian); Same region (Kerala); Shared corridor (Chennai Port–Mombasa),59.82
LNK-5525118B,ACTOR,ACT-EB994163,ACTOR,ACT-D404B1E6,ENTITY_MATCH,66.39,Same nationality (South African); Same region (Rwanda); Shared corridor (Tuticorin Port–Maputo),59.75
LNK-75120B52,ACTOR,ACT-8A3A138F,ACTOR,ACT-E039AAEB,ENTITY_MATCH,66.27,"Same nationality (Indian); Same region (Kerala); Shared corridor (Chennai Port–Mombasa, Tuticorin Port–Maputo)",59.64
LNK-FFFDF20D,ACTOR,ACT-34C1CDB5,ACTOR,ACT-DUP-0005,ENTITY_MATCH,66.0,Same nationality (Mozambican); Same region (Mozambique); Shared corridor (Tuticorin Port–Maputo),59.4
LNK-877CDFEA,ACTOR,ACT-130BC3BE,ACTOR,ACT-83FE0258,ENTITY_MATCH,65.71,"Same nationality (South African); Same region (Mozambique); Shared corridor (Kochi Port–Maputo, Mumbai Port–Mombasa)",59.14
LNK-D8A1D6EC,ACTOR,ACT-3B25DA0A,ACTOR,ACT-1DF99FFB,ENTITY_MATCH,65.4,Same nationality (Indian); Same region (Tamil Nadu); Shared corridor (Visakhapatnam–Mombasa),58.86
LNK-4841C4D1,ACTOR,ACT-A9210483,ACTOR,ACT-451B57E0,ENTITY_MATCH,65.4,"Same nationality (Indian); Same region (West Bengal); Shared corridor (Visakhapatnam–Mombasa, Visakhapatnam–Durban)",58.86
LNK-F5E87D3B,ACTOR,ACT-2D0BDD94,ACTOR,ACT-ADB13586,ENTITY_MATCH,65.13,"Same nationality (Indian); Same region (Andhra Pradesh); Shared corridor (Kochi Port–Dar es Salaam, Chennai Port–Dar es Salaam)",58.62
LNK-9EA22CF3,ACTOR,ACT-A9210483,ACTOR,ACT-C1CE62FB,ENTITY_MATCH,65.02,Same nationality (Indian); Same region (West Bengal); Shared corridor (Visakhapatnam–Mombasa),58.52
LNK-9E1EC448,ACTOR,ACT-A9210483,ACTOR,ACT-F134FC9B,ENTITY_MATCH,64.91,Similar name (68%); Similar alias (62%); Same nationality (Indian); Same region (West Bengal),58.42
LNK-053963FC,ACTOR,ACT-0E08ABDD,ACTOR,ACT-BF767554,ENTITY_MATCH,64.59,Similar alias (81%); Same nationality (Ugandan); Shared corridor (Chennai Port–Mombasa),58.13
LNK-5D8C1953,ACTOR,ACT-EA441661,ACTOR,ACT-DUP-0008,ENTITY_MATCH,64.5,Similar name (80%); Similar alias (87%); Shared corridor (Mumbai Port–Durban),58.05
LNK-4776D910,ACTOR,ACT-C1CE62FB,ACTOR,ACT-866A9666,ENTITY_MATCH,64.46,Same nationality (Indian); Same region (West Bengal); Shared corridor (Visakhapatnam–Mombasa),58.01
LNK-37D43EE5,ACTOR,ACT-2D0BDD94,ACTOR,ACT-5535B8FF,ENTITY_MATCH,64.42,"Same nationality (Indian); Same region (Andhra Pradesh); Shared corridor (Kochi Port–Dar es Salaam, Chennai Port–Mombasa)",57.98
LNK-5CF74428,ACTOR,ACT-A9210483,ACTOR,ACT-C246476B,ENTITY_MATCH,64.33,"Same nationality (Indian); Same region (West Bengal); Shared corridor (Tuticorin Port–Mombasa, Visakhapatnam–Mombasa)",57.9
LNK-FFF80702,ACTOR,ACT-2AF63B3F,ACTOR,ACT-F73F1F34,ENTITY_MATCH,64.22,Same nationality (Indian); Same region (West Bengal); Shared corridor (Tuticorin Port–Durban),57.8
LNK-B9333012,ACTOR,ACT-A9210483,ACTOR,ACT-2AF63B3F,ENTITY_MATCH,64.12,Same nationality (Indian); Same region (West Bengal); Shared corridor (Visakhapatnam–Mombasa),57.71
LNK-E95D6ABD,ACTOR,ACT-A9210483,ACTOR,ACT-F73F1F34,ENTITY_MATCH,64.1,Same nationality (Indian); Same region (West Bengal); Shared corridor (Visakhapatnam–Mombasa),57.69
LNK-7BDCAF59,ACTOR,ACT-71CD333C,ACTOR,ACT-898A30A1,ENTITY_MATCH,63.33,Same nationality (Indian); Same region (Kerala); Shared corridor (Mumbai Port–Dar es Salaam),57.0
LNK-5C1C607E,ACTOR,ACT-0270A250,ACTOR,ACT-2F205955,ENTITY_MATCH,63.23,"Same nationality (Indian); Same region (Kerala); Shared corridor (Mumbai Port–Mombasa, Tuticorin Port–Maputo)",56.91
LNK-5C3E04E3,ACTOR,ACT-CFAB48FB,ACTOR,ACT-D4BFC62A,ENTITY_MATCH,63.22,Same nationality (South African); Same region (Uganda); Shared corridor (Tuticorin Port–Maputo),56.9
LNK-1D657198,ACTOR,ACT-8A3A138F,ACTOR,ACT-157A0D7D,ENTITY_MATCH,63.17,Same nationality (Indian); Same region (Kerala); Shared corridor (Chennai Port–Mombasa),56.85
LNK-49053127,ACTOR,ACT-A9210483,ACTOR,ACT-FDE9DAFE,ENTITY_MATCH,63.0,Similar name (86%); Similar alias (91%); Same nationality (Indian),56.7
LNK-AEE0AC83,ACTOR,ACT-E039AAEB,ACTOR,ACT-7187AEBF,ENTITY_MATCH,62.96,Same nationality (Indian); Same region (Kerala); Shared corridor (Chennai Port–Mombasa),56.66
LNK-375D34CE,ACTOR,ACT-2DA4F2E3,ACTOR,ACT-866A9666,ENTITY_MATCH,62.81,Same nationality (Indian); Same region (West Bengal); Shared corridor (Kochi Port–Durban),56.53
LNK-5703092F,ACTOR,ACT-EBD0B65D,ACTOR,ACT-F70E04EC,ENTITY_MATCH,62.81,"Same nationality (Indian); Same region (Maharashtra); Shared corridor (Kochi Port–Maputo, Mumbai Port–Mombasa)",56.53
LNK-D9E42C05,ACTOR,ACT-451B57E0,ACTOR,ACT-3EC2CAB2,ENTITY_MATCH,62.38,Same nationality (Indian); Same region (West Bengal); Shared corridor (Tuticorin Port–Durban),56.14
LNK-667AE160,ACTOR,ACT-F134FC9B,ACTOR,ACT-866A9666,ENTITY_MATCH,62.36,Same nationality (Indian); Same region (West Bengal); Shared corridor (Kochi Port–Dar es Salaam),56.12
LNK-28BB5ECE,ACTOR,ACT-C246476B,ACTOR,ACT-9DC49715,ENTITY_MATCH,62.29,Same nationality (Indian); Same region (West Bengal); Shared corridor (Tuticorin Port–Mombasa),56.06
LNK-248C2B0B,ACTOR,ACT-8A3A138F,ACTOR,ACT-71CD333C,ENTITY_MATCH,62.22,Same nationality (Indian); Same region (Kerala); Shared corridor (Tuticorin Port–Maputo),56.0
LNK-D0CC6119,ACTOR,ACT-F70E04EC,ACTOR,ACT-74B10513,ENTITY_MATCH,62.17,Same nationality (Indian); Same region (Maharashtra); Shared corridor (Kochi Port–Maputo),55.95
LNK-27933857,ACTOR,ACT-FDE9DAFE,ACTOR,ACT-FD05814E,ENTITY_MATCH,61.95,Similar name (82%); Similar alias (69%); Shared corridor (Chennai Port–Mombasa),55.76
LNK-C2020FC6,ACTOR,ACT-A9210483,ACTOR,ACT-FD05814E,ENTITY_MATCH,61.95,"Similar name (82%); Similar alias (69%); Shared corridor (Visakhapatnam–Mombasa, Visakhapatnam–Mombasa)",55.76
LNK-8DFB6E72,ACTOR,ACT-20D0E245,ACTOR,ACT-1DF99FFB,ENTITY_MATCH,61.87,Same nationality (Indian); Same region (Tamil Nadu); Shared corridor (Chennai Port–Dar es Salaam),55.68
LNK-EAC0342E,ACTOR,ACT-34C1CDB5,ACTOR,ACT-DUP-0006,ENTITY_MATCH,61.7,Same nationality (Mozambican); Same region (Mozambique); Shared corridor (Tuticorin Port–Maputo),55.53
LNK-7C155195,ACTOR,ACT-802FEC44,ACTOR,ACT-9A97A853,ENTITY_MATCH,61.59,Similar name (74%); Same nationality (Ugandan); Same region (Uganda),55.43
LNK-8AB5211E,ACTOR,ACT-F20CA79B,ACTOR,ACT-C1CE62FB,ENTITY_MATCH,61.55,Same nationality (Indian); Same region (West Bengal); Shared corridor (Visakhapatnam–Mombasa),55.39
LNK-579F9954,ACTOR,ACT-F20CA79B,ACTOR,ACT-C246476B,ENTITY_MATCH,61.48,Same nationality (Indian); Same region (West Bengal); Shared corridor (Visakhapatnam–Mombasa),55.33
LNK-26ED1112,ACTOR,ACT-46D85523,ACTOR,ACT-001930AF,ENTITY_MATCH,61.43,Same nationality (Kenyan); Same region (Mozambique); Shared corridor (Kochi Port–Dar es Salaam),55.29
LNK-B2B4EC1D,ACTOR,ACT-EB994163,ACTOR,ACT-6C6CC66E,ENTITY_MATCH,61.42,Same region (Rwanda); Shared corridor (Mumbai Port–Maputo),55.28
LNK-67793A65,ACTOR,ACT-F513E9F2,ACTOR,ACT-5B9A50EE,ENTITY_MATCH,61.4,Similar alias (63%); Same region (Tanzania); Shared corridor (Mumbai Port–Durban),55.26
LNK-BCDA6282,ACTOR,ACT-1D7B2448,ACTOR,ACT-157A0D7D,ENTITY_MATCH,61.38,Same nationality (Indian); Same region (Kerala); Shared corridor (Kochi Port–Maputo),55.24
LNK-C58F6226,ACTOR,ACT-16E31CC7,ACTOR,ACT-EBD0B65D,ENTITY_MATCH,61.33,"Same nationality (Indian); Same region (Maharashtra); Shared corridor (Kochi Port–Maputo, Chennai Port–Dar es Salaam)",55.2
LNK-BFD651A1,ACTOR,ACT-5BCEA423,ACTOR,ACT-E039AAEB,ENTITY_MATCH,61.22,Same nationality (Indian); Same region (Kerala); Shared corridor (Tuticorin Port–Maputo),55.1
LNK-0A843552,ACTOR,ACT-451B57E0,ACTOR,ACT-6F081E40,ENTITY_MATCH,61.2,Same nationality (Indian); Same region (West Bengal); Shared corridor (Visakhapatnam–Durban),55.08
LNK-EEE1BAEC,ACTOR,ACT-3B25DA0A,ACTOR,ACT-EA441661,ENTITY_MATCH,61.18,Same nationality (Indian); Same region (Tamil Nadu); Shared corridor (Visakhapatnam–Mombasa),55.06
LNK-CA296D86,ACTOR,ACT-A3B509D1,ACTOR,ACT-239810D5,ENTITY_MATCH,60.95,Same nationality (Indian); Same region (Tamil Nadu); Shared corridor (Mumbai Port–Mombasa),54.86
LNK-9F41B162,ACTOR,ACT-20D0E245,ACTOR,ACT-3B25DA0A,ENTITY_MATCH,60.83,Same nationality (Indian); Same region (Tamil Nadu); Shared corridor (Chennai Port–Mombasa),54.75
LNK-303A8CF9,ACTOR,ACT-C1CE62FB,ACTOR,ACT-9DC49715,ENTITY_MATCH,60.8,Same nationality (Indian); Same region (West Bengal); Shared corridor (Tuticorin Port–Maputo),54.72
LNK-E9D75F2F,ACTOR,ACT-61CA522C,ACTOR,ACT-B62E0FB9,ENTITY_MATCH,60.69,Same nationality (Indian); Same region (Andhra Pradesh); Shared corridor (Tuticorin Port–Maputo),54.62
LNK-076B7ECE,ACTOR,ACT-6C2A62E9,ACTOR,ACT-DUP-0006,ENTITY_MATCH,60.46,"Similar name (96%); Shared corridor (Chennai Port–Dar es Salaam, Kochi Port–Dar es Salaam)",54.41
LNK-5CEC2DAD,ACTOR,ACT-72D14581,ACTOR,ACT-BF767554,ENTITY_MATCH,60.45,Same nationality (Ugandan); Same region (Uganda); Shared corridor (Tuticorin Port–Mombasa),54.41
LNK-78A35206,ACTOR,ACT-EA441661,ACTOR,ACT-DUP-0007,ENTITY_MATCH,60.41,"Similar name (90%); Shared corridor (Visakhapatnam–Mombasa, Mumbai Port–Durban)",54.37
LNK-ACCA31F9,ACTOR,ACT-B49444A6,ACTOR,ACT-DUP-0001,ENTITY_MATCH,60.41,Similar name (90%); Shared corridor (Chennai Port–Mombasa),54.37
LNK-883205CC,ACTOR,ACT-5BCEA423,ACTOR,ACT-2F205955,ENTITY_MATCH,60.31,Same nationality (Indian); Same region (Kerala); Shared corridor (Tuticorin Port–Maputo),54.28
LNK-9C8E2B39,ACTOR,ACT-F20CA79B,ACTOR,ACT-F73F1F34,ENTITY_MATCH,60.26,Same nationality (Indian); Same region (West Bengal); Shared corridor (Visakhapatnam–Mombasa),54.23
LNK-5F306EF8,ACTOR,ACT-3FD962A7,ACTOR,ACT-8AF11CFA,ENTITY_MATCH,60.07,"Same region (Kenya); Shared corridor (Visakhapatnam–Mombasa, Chennai Port–Dar es Salaam)",54.06
LNK-B4F24305,ACTOR,ACT-A9210483,ACTOR,ACT-9DC49715,ENTITY_MATCH,60.04,"Same nationality (Indian); Same region (West Bengal); Shared corridor (Tuticorin Port–Mombasa, Visakhapatnam–Durban)",54.04
LNK-29635DDF,ACTOR,ACT-F73F1F34,ACTOR,ACT-71CD333C,ENTITY_MATCH,60.0,"Similar alias (75%); Same nationality (Indian); Shared corridor (Tuticorin Port–Durban, Tuticorin Port–Maputo)",54.0
LNK-E0668F05,ACTOR,ACT-16E31CC7,ACTOR,ACT-BEF7869A,ENTITY_MATCH,60.0,Same nationality (Indian); Same region (Maharashtra); Shared corridor (Tuticorin Port–Dar es Salaam),54.0
LNK-FDB2D3ED,ACTOR,ACT-F73F1F34,ACTOR,ACT-866A9666,ENTITY_MATCH,60.0,"Same nationality (Indian); Same region (West Bengal); Shared corridor (Visakhapatnam–Mombasa, Kochi Port–Dar es Salaam)",54.0
LNK-8DF74755,ACTOR,ACT-A19B3B13,ACTOR,ACT-B1A0AF66,ENTITY_MATCH,60.0,"Same region (South Africa); Shared corridor (Mumbai Port–Mombasa, Kochi Port–Dar es Salaam)",54.0
